# sliced from cup_visual.obj — cylindrical UVs added for texture DR
v 0.027966 0.001374 0.000000
v 0.028000 0.000000 0.000000
v 0.000000 0.000000 0.000000
v 0.027865 0.002744 0.000000
v 0.027966 0.001374 0.000000
v 0.000000 0.000000 0.000000
v 0.027697 0.004108 0.000000
v 0.027865 0.002744 0.000000
v 0.000000 0.000000 0.000000
v 0.027462 0.005463 0.000000
v 0.027697 0.004108 0.000000
v 0.000000 0.000000 0.000000
v 0.027161 0.006803 0.000000
v 0.027462 0.005463 0.000000
v 0.000000 0.000000 0.000000
v 0.026794 0.008128 0.000000
v 0.027161 0.006803 0.000000
v 0.000000 0.000000 0.000000
v 0.026363 0.009433 0.000000
v 0.026794 0.008128 0.000000
v 0.000000 0.000000 0.000000
v 0.025869 0.010715 0.000000
v 0.026363 0.009433 0.000000
v 0.000000 0.000000 0.000000
v 0.025312 0.011972 0.000000
v 0.025869 0.010715 0.000000
v 0.000000 0.000000 0.000000
v 0.024694 0.013199 0.000000
v 0.025312 0.011972 0.000000
v 0.000000 0.000000 0.000000
v 0.024016 0.014395 0.000000
v 0.024694 0.013199 0.000000
v 0.000000 0.000000 0.000000
v 0.023281 0.015556 0.000000
v 0.024016 0.014395 0.000000
v 0.000000 0.000000 0.000000
v 0.022490 0.016680 0.000000
v 0.023281 0.015556 0.000000
v 0.000000 0.000000 0.000000
v 0.021644 0.017763 0.000000
v 0.022490 0.016680 0.000000
v 0.000000 0.000000 0.000000
v 0.020747 0.018804 0.000000
v 0.021644 0.017763 0.000000
v 0.000000 0.000000 0.000000
v 0.019799 0.019799 0.000000
v 0.020747 0.018804 0.000000
v 0.000000 0.000000 0.000000
v 0.018804 0.020747 0.000000
v 0.019799 0.019799 0.000000
v 0.000000 0.000000 0.000000
v 0.017763 0.021644 0.000000
v 0.018804 0.020747 0.000000
v 0.000000 0.000000 0.000000
v 0.016680 0.022490 0.000000
v 0.017763 0.021644 0.000000
v 0.000000 0.000000 0.000000
v 0.015556 0.023281 0.000000
v 0.016680 0.022490 0.000000
v 0.000000 0.000000 0.000000
v 0.014395 0.024016 0.000000
v 0.015556 0.023281 0.000000
v 0.000000 0.000000 0.000000
v 0.013199 0.024694 0.000000
v 0.014395 0.024016 0.000000
v 0.000000 0.000000 0.000000
v 0.011972 0.025312 0.000000
v 0.013199 0.024694 0.000000
v 0.000000 0.000000 0.000000
v 0.010715 0.025869 0.000000
v 0.011972 0.025312 0.000000
v 0.000000 0.000000 0.000000
v 0.009433 0.026363 0.000000
v 0.010715 0.025869 0.000000
v 0.000000 0.000000 0.000000
v 0.008128 0.026794 0.000000
v 0.009433 0.026363 0.000000
v 0.000000 0.000000 0.000000
v 0.006803 0.027161 0.000000
v 0.008128 0.026794 0.000000
v 0.000000 0.000000 0.000000
v 0.005463 0.027462 0.000000
v 0.006803 0.027161 0.000000
v 0.000000 0.000000 0.000000
v 0.004108 0.027697 0.000000
v 0.005463 0.027462 0.000000
v 0.000000 0.000000 0.000000
v 0.002744 0.027865 0.000000
v 0.004108 0.027697 0.000000
v 0.000000 0.000000 0.000000
v 0.001374 0.027966 0.000000
v 0.002744 0.027865 0.000000
v 0.000000 0.000000 0.000000
v 0.000000 0.028000 0.000000
v 0.001374 0.027966 0.000000
v 0.000000 0.000000 0.000000
v -0.001374 0.027966 0.000000
v 0.000000 0.028000 0.000000
v 0.000000 0.000000 0.000000
v -0.002744 0.027865 0.000000
v -0.001374 0.027966 0.000000
v 0.000000 0.000000 0.000000
v -0.004108 0.027697 0.000000
v -0.002744 0.027865 0.000000
v 0.000000 0.000000 0.000000
v -0.005463 0.027462 0.000000
v -0.004108 0.027697 0.000000
v 0.000000 0.000000 0.000000
v -0.006803 0.027161 0.000000
v -0.005463 0.027462 0.000000
v 0.000000 0.000000 0.000000
v -0.008128 0.026794 0.000000
v -0.006803 0.027161 0.000000
v 0.000000 0.000000 0.000000
v -0.009433 0.026363 0.000000
v -0.008128 0.026794 0.000000
v 0.000000 0.000000 0.000000
v -0.010715 0.025869 0.000000
v -0.009433 0.026363 0.000000
v 0.000000 0.000000 0.000000
v -0.011972 0.025312 0.000000
v -0.010715 0.025869 0.000000
v 0.000000 0.000000 0.000000
v -0.013199 0.024694 0.000000
v -0.011972 0.025312 0.000000
v 0.000000 0.000000 0.000000
v -0.014395 0.024016 0.000000
v -0.013199 0.024694 0.000000
v 0.000000 0.000000 0.000000
v -0.015556 0.023281 0.000000
v -0.014395 0.024016 0.000000
v 0.000000 0.000000 0.000000
v -0.016680 0.022490 0.000000
v -0.015556 0.023281 0.000000
v 0.000000 0.000000 0.000000
v -0.017763 0.021644 0.000000
v -0.016680 0.022490 0.000000
v 0.000000 0.000000 0.000000
v -0.018804 0.020747 0.000000
v -0.017763 0.021644 0.000000
v 0.000000 0.000000 0.000000
v -0.019799 0.019799 0.000000
v -0.018804 0.020747 0.000000
v 0.000000 0.000000 0.000000
v -0.020747 0.018804 0.000000
v -0.019799 0.019799 0.000000
v 0.000000 0.000000 0.000000
v -0.021644 0.017763 0.000000
v -0.020747 0.018804 0.000000
v 0.000000 0.000000 0.000000
v -0.022490 0.016680 0.000000
v -0.021644 0.017763 0.000000
v 0.000000 0.000000 0.000000
v -0.023281 0.015556 0.000000
v -0.022490 0.016680 0.000000
v 0.000000 0.000000 0.000000
v -0.024016 0.014395 0.000000
v -0.023281 0.015556 0.000000
v 0.000000 0.000000 0.000000
v -0.024694 0.013199 0.000000
v -0.024016 0.014395 0.000000
v 0.000000 0.000000 0.000000
v -0.025312 0.011972 0.000000
v -0.024694 0.013199 0.000000
v 0.000000 0.000000 0.000000
v -0.025869 0.010715 0.000000
v -0.025312 0.011972 0.000000
v 0.000000 0.000000 0.000000
v -0.026363 0.009433 0.000000
v -0.025869 0.010715 0.000000
v 0.000000 0.000000 0.000000
v -0.026794 0.008128 0.000000
v -0.026363 0.009433 0.000000
v 0.000000 0.000000 0.000000
v -0.027161 0.006803 0.000000
v -0.026794 0.008128 0.000000
v 0.000000 0.000000 0.000000
v -0.027462 0.005463 0.000000
v -0.027161 0.006803 0.000000
v 0.000000 0.000000 0.000000
v -0.027697 0.004108 0.000000
v -0.027462 0.005463 0.000000
v 0.000000 0.000000 0.000000
v -0.027865 0.002744 0.000000
v -0.027697 0.004108 0.000000
v 0.000000 0.000000 0.000000
v -0.027966 0.001374 0.000000
v -0.027865 0.002744 0.000000
v 0.000000 0.000000 0.000000
v -0.028000 0.000000 0.000000
v -0.027966 0.001374 0.000000
v 0.000000 0.000000 0.000000
v -0.027966 -0.001374 0.000000
v -0.028000 0.000000 0.000000
v 0.000000 0.000000 0.000000
v -0.027865 -0.002744 0.000000
v -0.027966 -0.001374 0.000000
v 0.000000 0.000000 0.000000
v -0.027697 -0.004108 0.000000
v -0.027865 -0.002744 0.000000
v 0.000000 0.000000 0.000000
v -0.027462 -0.005463 0.000000
v -0.027697 -0.004108 0.000000
v 0.000000 0.000000 0.000000
v -0.027161 -0.006803 0.000000
v -0.027462 -0.005463 0.000000
v 0.000000 0.000000 0.000000
v -0.026794 -0.008128 0.000000
v -0.027161 -0.006803 0.000000
v 0.000000 0.000000 0.000000
v -0.026363 -0.009433 0.000000
v -0.026794 -0.008128 0.000000
v 0.000000 0.000000 0.000000
v -0.025869 -0.010715 0.000000
v -0.026363 -0.009433 0.000000
v 0.000000 0.000000 0.000000
v -0.025312 -0.011972 0.000000
v -0.025869 -0.010715 0.000000
v 0.000000 0.000000 0.000000
v -0.024694 -0.013199 0.000000
v -0.025312 -0.011972 0.000000
v 0.000000 0.000000 0.000000
v -0.024016 -0.014395 0.000000
v -0.024694 -0.013199 0.000000
v 0.000000 0.000000 0.000000
v -0.023281 -0.015556 0.000000
v -0.024016 -0.014395 0.000000
v 0.000000 0.000000 0.000000
v -0.022490 -0.016680 0.000000
v -0.023281 -0.015556 0.000000
v 0.000000 0.000000 0.000000
v -0.021644 -0.017763 0.000000
v -0.022490 -0.016680 0.000000
v 0.000000 0.000000 0.000000
v -0.020747 -0.018804 0.000000
v -0.021644 -0.017763 0.000000
v 0.000000 0.000000 0.000000
v -0.019799 -0.019799 0.000000
v -0.020747 -0.018804 0.000000
v 0.000000 0.000000 0.000000
v -0.018804 -0.020747 0.000000
v -0.019799 -0.019799 0.000000
v 0.000000 0.000000 0.000000
v -0.017763 -0.021644 0.000000
v -0.018804 -0.020747 0.000000
v 0.000000 0.000000 0.000000
v -0.016680 -0.022490 0.000000
v -0.017763 -0.021644 0.000000
v 0.000000 0.000000 0.000000
v -0.015556 -0.023281 0.000000
v -0.016680 -0.022490 0.000000
v 0.000000 0.000000 0.000000
v -0.014395 -0.024016 0.000000
v -0.015556 -0.023281 0.000000
v 0.000000 0.000000 0.000000
v -0.013199 -0.024694 0.000000
v -0.014395 -0.024016 0.000000
v 0.000000 0.000000 0.000000
v -0.011972 -0.025312 0.000000
v -0.013199 -0.024694 0.000000
v 0.000000 0.000000 0.000000
v -0.010715 -0.025869 0.000000
v -0.011972 -0.025312 0.000000
v 0.000000 0.000000 0.000000
v -0.009433 -0.026363 0.000000
v -0.010715 -0.025869 0.000000
v 0.000000 0.000000 0.000000
v -0.008128 -0.026794 0.000000
v -0.009433 -0.026363 0.000000
v 0.000000 0.000000 0.000000
v -0.006803 -0.027161 0.000000
v -0.008128 -0.026794 0.000000
v 0.000000 0.000000 0.000000
v -0.005463 -0.027462 0.000000
v -0.006803 -0.027161 0.000000
v 0.000000 0.000000 0.000000
v -0.004108 -0.027697 0.000000
v -0.005463 -0.027462 0.000000
v 0.000000 0.000000 0.000000
v -0.002744 -0.027865 0.000000
v -0.004108 -0.027697 0.000000
v 0.000000 0.000000 0.000000
v -0.001374 -0.027966 0.000000
v -0.002744 -0.027865 0.000000
v 0.000000 0.000000 0.000000
v -0.000000 -0.028000 0.000000
v -0.001374 -0.027966 0.000000
v 0.000000 0.000000 0.000000
v 0.001374 -0.027966 0.000000
v -0.000000 -0.028000 0.000000
v 0.000000 0.000000 0.000000
v 0.002744 -0.027865 0.000000
v 0.001374 -0.027966 0.000000
v 0.000000 0.000000 0.000000
v 0.004108 -0.027697 0.000000
v 0.002744 -0.027865 0.000000
v 0.000000 0.000000 0.000000
v 0.005463 -0.027462 0.000000
v 0.004108 -0.027697 0.000000
v 0.000000 0.000000 0.000000
v 0.006803 -0.027161 0.000000
v 0.005463 -0.027462 0.000000
v 0.000000 0.000000 0.000000
v 0.008128 -0.026794 0.000000
v 0.006803 -0.027161 0.000000
v 0.000000 0.000000 0.000000
v 0.009433 -0.026363 0.000000
v 0.008128 -0.026794 0.000000
v 0.000000 0.000000 0.000000
v 0.010715 -0.025869 0.000000
v 0.009433 -0.026363 0.000000
v 0.000000 0.000000 0.000000
v 0.011972 -0.025312 0.000000
v 0.010715 -0.025869 0.000000
v 0.000000 0.000000 0.000000
v 0.013199 -0.024694 0.000000
v 0.011972 -0.025312 0.000000
v 0.000000 0.000000 0.000000
v 0.014395 -0.024016 0.000000
v 0.013199 -0.024694 0.000000
v 0.000000 0.000000 0.000000
v 0.015556 -0.023281 0.000000
v 0.014395 -0.024016 0.000000
v 0.000000 0.000000 0.000000
v 0.016680 -0.022490 0.000000
v 0.015556 -0.023281 0.000000
v 0.000000 0.000000 0.000000
v 0.017763 -0.021644 0.000000
v 0.016680 -0.022490 0.000000
v 0.000000 0.000000 0.000000
v 0.018804 -0.020747 0.000000
v 0.017763 -0.021644 0.000000
v 0.000000 0.000000 0.000000
v 0.019799 -0.019799 0.000000
v 0.018804 -0.020747 0.000000
v 0.000000 0.000000 0.000000
v 0.020747 -0.018804 0.000000
v 0.019799 -0.019799 0.000000
v 0.000000 0.000000 0.000000
v 0.021644 -0.017763 0.000000
v 0.020747 -0.018804 0.000000
v 0.000000 0.000000 0.000000
v 0.022490 -0.016680 0.000000
v 0.021644 -0.017763 0.000000
v 0.000000 0.000000 0.000000
v 0.023281 -0.015556 0.000000
v 0.022490 -0.016680 0.000000
v 0.000000 0.000000 0.000000
v 0.024016 -0.014395 0.000000
v 0.023281 -0.015556 0.000000
v 0.000000 0.000000 0.000000
v 0.024694 -0.013199 0.000000
v 0.024016 -0.014395 0.000000
v 0.000000 0.000000 0.000000
v 0.025312 -0.011972 0.000000
v 0.024694 -0.013199 0.000000
v 0.000000 0.000000 0.000000
v 0.025869 -0.010715 0.000000
v 0.025312 -0.011972 0.000000
v 0.000000 0.000000 0.000000
v 0.026363 -0.009433 0.000000
v 0.025869 -0.010715 0.000000
v 0.000000 0.000000 0.000000
v 0.026794 -0.008128 0.000000
v 0.026363 -0.009433 0.000000
v 0.000000 0.000000 0.000000
v 0.027161 -0.006803 0.000000
v 0.026794 -0.008128 0.000000
v 0.000000 0.000000 0.000000
v 0.027462 -0.005463 0.000000
v 0.027161 -0.006803 0.000000
v 0.000000 0.000000 0.000000
v 0.027697 -0.004108 0.000000
v 0.027462 -0.005463 0.000000
v 0.000000 0.000000 0.000000
v 0.027865 -0.002744 0.000000
v 0.027697 -0.004108 0.000000
v 0.000000 0.000000 0.000000
v 0.027966 -0.001374 0.000000
v 0.027865 -0.002744 0.000000
v 0.000000 0.000000 0.000000
v 0.028000 0.000000 0.000000
v 0.027966 -0.001374 0.000000
v 0.000000 0.000000 0.000000
v 0.028000 0.000000 0.000000
v 0.027966 0.001374 0.000000
v 0.041870 0.002057 0.113000
v 0.041876 0.001808 0.113000
v 0.028000 0.000000 0.000000
v 0.041876 0.001808 0.113000
v 0.041920 0.000000 0.113000
v 0.027966 0.001374 0.000000
v 0.027865 0.002744 0.000000
v 0.041718 0.004109 0.113000
v 0.041737 0.003861 0.113000
v 0.027966 0.001374 0.000000
v 0.041737 0.003861 0.113000
v 0.041870 0.002057 0.113000
v 0.027865 0.002744 0.000000
v 0.027697 0.004108 0.000000
v 0.041467 0.006151 0.113000
v 0.041497 0.005904 0.113000
v 0.027865 0.002744 0.000000
v 0.041497 0.005904 0.113000
v 0.041718 0.004109 0.113000
v 0.027697 0.004108 0.000000
v 0.027462 0.005463 0.000000
v 0.041115 0.008178 0.113000
v 0.041157 0.007933 0.113000
v 0.027697 0.004108 0.000000
v 0.041157 0.007933 0.113000
v 0.041467 0.006151 0.113000
v 0.027462 0.005463 0.000000
v 0.027161 0.006803 0.000000
v 0.040664 0.010186 0.113000
v 0.040719 0.009943 0.113000
v 0.027462 0.005463 0.000000
v 0.040719 0.009943 0.113000
v 0.041115 0.008178 0.113000
v 0.027161 0.006803 0.000000
v 0.026794 0.008128 0.000000
v 0.040115 0.012169 0.113000
v 0.040182 0.011929 0.113000
v 0.027161 0.006803 0.000000
v 0.040182 0.011929 0.113000
v 0.040664 0.010186 0.113000
v 0.026794 0.008128 0.000000
v 0.026363 0.009433 0.000000
v 0.039470 0.014123 0.113000
v 0.039548 0.013886 0.113000
v 0.026794 0.008128 0.000000
v 0.039548 0.013886 0.113000
v 0.040115 0.012169 0.113000
v 0.026363 0.009433 0.000000
v 0.025869 0.010715 0.000000
v 0.038729 0.016042 0.113000
v 0.038819 0.015810 0.113000
v 0.026363 0.009433 0.000000
v 0.038819 0.015810 0.113000
v 0.039470 0.014123 0.113000
v 0.025869 0.010715 0.000000
v 0.025312 0.011972 0.000000
v 0.037895 0.017923 0.113000
v 0.037996 0.017696 0.113000
v 0.025869 0.010715 0.000000
v 0.037996 0.017696 0.113000
v 0.038729 0.016042 0.113000
v 0.025312 0.011972 0.000000
v 0.024694 0.013199 0.000000
v 0.036970 0.019761 0.113000
v 0.037082 0.019539 0.113000
v 0.025312 0.011972 0.000000
v 0.037082 0.019539 0.113000
v 0.037895 0.017923 0.113000
v 0.024694 0.013199 0.000000
v 0.024016 0.014395 0.000000
v 0.035956 0.021551 0.113000
v 0.036079 0.021335 0.113000
v 0.024694 0.013199 0.000000
v 0.036079 0.021335 0.113000
v 0.036970 0.019761 0.113000
v 0.024016 0.014395 0.000000
v 0.023281 0.015556 0.000000
v 0.034855 0.023290 0.113000
v 0.034989 0.023079 0.113000
v 0.024016 0.014395 0.000000
v 0.034989 0.023079 0.113000
v 0.035956 0.021551 0.113000
v 0.023281 0.015556 0.000000
v 0.022490 0.016680 0.000000
v 0.033671 0.024972 0.113000
v 0.033814 0.024768 0.113000
v 0.023281 0.015556 0.000000
v 0.033814 0.024768 0.113000
v 0.034855 0.023290 0.113000
v 0.022490 0.016680 0.000000
v 0.021644 0.017763 0.000000
v 0.032405 0.026594 0.113000
v 0.032558 0.026398 0.113000
v 0.022490 0.016680 0.000000
v 0.032558 0.026398 0.113000
v 0.033671 0.024972 0.113000
v 0.021644 0.017763 0.000000
v 0.020747 0.018804 0.000000
v 0.031061 0.028152 0.113000
v 0.031224 0.027963 0.113000
v 0.021644 0.017763 0.000000
v 0.031224 0.027963 0.113000
v 0.032405 0.026594 0.113000
v 0.020747 0.018804 0.000000
v 0.019799 0.019799 0.000000
v 0.029642 0.029642 0.113000
v 0.029814 0.029462 0.113000
v 0.020747 0.018804 0.000000
v 0.029814 0.029462 0.113000
v 0.031061 0.028152 0.113000
v 0.019799 0.019799 0.000000
v 0.018804 0.020747 0.000000
v 0.028152 0.031061 0.113000
v 0.028332 0.030889 0.113000
v 0.019799 0.019799 0.000000
v 0.028332 0.030889 0.113000
v 0.029642 0.029642 0.113000
v 0.018804 0.020747 0.000000
v 0.017763 0.021644 0.000000
v 0.026594 0.032405 0.113000
v 0.026782 0.032242 0.113000
v 0.018804 0.020747 0.000000
v 0.026782 0.032242 0.113000
v 0.028152 0.031061 0.113000
v 0.017763 0.021644 0.000000
v 0.016680 0.022490 0.000000
v 0.024972 0.033671 0.113000
v 0.025168 0.033518 0.113000
v 0.017763 0.021644 0.000000
v 0.025168 0.033518 0.113000
v 0.026594 0.032405 0.113000
v 0.016680 0.022490 0.000000
v 0.015556 0.023281 0.000000
v 0.023290 0.034855 0.113000
v 0.023493 0.034712 0.113000
v 0.016680 0.022490 0.000000
v 0.023493 0.034712 0.113000
v 0.024972 0.033671 0.113000
v 0.015556 0.023281 0.000000
v 0.014395 0.024016 0.000000
v 0.021551 0.035956 0.113000
v 0.021762 0.035823 0.113000
v 0.015556 0.023281 0.000000
v 0.021762 0.035823 0.113000
v 0.023290 0.034855 0.113000
v 0.014395 0.024016 0.000000
v 0.013199 0.024694 0.000000
v 0.019761 0.036970 0.113000
v 0.019978 0.036848 0.113000
v 0.014395 0.024016 0.000000
v 0.019978 0.036848 0.113000
v 0.021551 0.035956 0.113000
v 0.013199 0.024694 0.000000
v 0.011972 0.025312 0.000000
v 0.017923 0.037895 0.113000
v 0.018146 0.037784 0.113000
v 0.013199 0.024694 0.000000
v 0.018146 0.037784 0.113000
v 0.019761 0.036970 0.113000
v 0.011972 0.025312 0.000000
v 0.010715 0.025869 0.000000
v 0.016042 0.038729 0.113000
v 0.016270 0.038628 0.113000
v 0.011972 0.025312 0.000000
v 0.016270 0.038628 0.113000
v 0.017923 0.037895 0.113000
v 0.010715 0.025869 0.000000
v 0.009433 0.026363 0.000000
v 0.014123 0.039470 0.113000
v 0.014355 0.039380 0.113000
v 0.010715 0.025869 0.000000
v 0.014355 0.039380 0.113000
v 0.016042 0.038729 0.113000
v 0.009433 0.026363 0.000000
v 0.008128 0.026794 0.000000
v 0.012169 0.040115 0.113000
v 0.012405 0.040037 0.113000
v 0.009433 0.026363 0.000000
v 0.012405 0.040037 0.113000
v 0.014123 0.039470 0.113000
v 0.008128 0.026794 0.000000
v 0.006803 0.027161 0.000000
v 0.010186 0.040664 0.113000
v 0.010426 0.040598 0.113000
v 0.008128 0.026794 0.000000
v 0.010426 0.040598 0.113000
v 0.012169 0.040115 0.113000
v 0.006803 0.027161 0.000000
v 0.005463 0.027462 0.000000
v 0.008178 0.041115 0.113000
v 0.008421 0.041060 0.113000
v 0.006803 0.027161 0.000000
v 0.008421 0.041060 0.113000
v 0.010186 0.040664 0.113000
v 0.005463 0.027462 0.000000
v 0.004108 0.027697 0.000000
v 0.006151 0.041467 0.113000
v 0.006396 0.041424 0.113000
v 0.005463 0.027462 0.000000
v 0.006396 0.041424 0.113000
v 0.008178 0.041115 0.113000
v 0.004108 0.027697 0.000000
v 0.002744 0.027865 0.000000
v 0.004109 0.041718 0.113000
v 0.004356 0.041688 0.113000
v 0.004108 0.027697 0.000000
v 0.004356 0.041688 0.113000
v 0.006151 0.041467 0.113000
v 0.002744 0.027865 0.000000
v 0.001374 0.027966 0.000000
v 0.002057 0.041870 0.113000
v 0.002305 0.041851 0.113000
v 0.002744 0.027865 0.000000
v 0.002305 0.041851 0.113000
v 0.004109 0.041718 0.113000
v 0.001374 0.027966 0.000000
v 0.000000 0.028000 0.000000
v 0.000000 0.041920 0.113000
v 0.000249 0.041914 0.113000
v 0.001374 0.027966 0.000000
v 0.000249 0.041914 0.113000
v 0.002057 0.041870 0.113000
v 0.000000 0.028000 0.000000
v -0.001374 0.027966 0.000000
v -0.002057 0.041870 0.113000
v -0.001808 0.041876 0.113000
v 0.000000 0.028000 0.000000
v -0.001808 0.041876 0.113000
v 0.000000 0.041920 0.113000
v -0.001374 0.027966 0.000000
v -0.002744 0.027865 0.000000
v -0.004109 0.041718 0.113000
v -0.003861 0.041737 0.113000
v -0.001374 0.027966 0.000000
v -0.003861 0.041737 0.113000
v -0.002057 0.041870 0.113000
v -0.002744 0.027865 0.000000
v -0.004108 0.027697 0.000000
v -0.006151 0.041467 0.113000
v -0.005904 0.041497 0.113000
v -0.002744 0.027865 0.000000
v -0.005904 0.041497 0.113000
v -0.004109 0.041718 0.113000
v -0.004108 0.027697 0.000000
v -0.005463 0.027462 0.000000
v -0.008178 0.041115 0.113000
v -0.007933 0.041157 0.113000
v -0.004108 0.027697 0.000000
v -0.007933 0.041157 0.113000
v -0.006151 0.041467 0.113000
v -0.005463 0.027462 0.000000
v -0.006803 0.027161 0.000000
v -0.010186 0.040664 0.113000
v -0.009943 0.040719 0.113000
v -0.005463 0.027462 0.000000
v -0.009943 0.040719 0.113000
v -0.008178 0.041115 0.113000
v -0.006803 0.027161 0.000000
v -0.008128 0.026794 0.000000
v -0.012169 0.040115 0.113000
v -0.011929 0.040182 0.113000
v -0.006803 0.027161 0.000000
v -0.011929 0.040182 0.113000
v -0.010186 0.040664 0.113000
v -0.008128 0.026794 0.000000
v -0.009433 0.026363 0.000000
v -0.014123 0.039470 0.113000
v -0.013886 0.039548 0.113000
v -0.008128 0.026794 0.000000
v -0.013886 0.039548 0.113000
v -0.012169 0.040115 0.113000
v -0.009433 0.026363 0.000000
v -0.010715 0.025869 0.000000
v -0.016042 0.038729 0.113000
v -0.015810 0.038819 0.113000
v -0.009433 0.026363 0.000000
v -0.015810 0.038819 0.113000
v -0.014123 0.039470 0.113000
v -0.010715 0.025869 0.000000
v -0.011972 0.025312 0.000000
v -0.017923 0.037895 0.113000
v -0.017696 0.037996 0.113000
v -0.010715 0.025869 0.000000
v -0.017696 0.037996 0.113000
v -0.016042 0.038729 0.113000
v -0.011972 0.025312 0.000000
v -0.013199 0.024694 0.000000
v -0.019761 0.036970 0.113000
v -0.019539 0.037082 0.113000
v -0.011972 0.025312 0.000000
v -0.019539 0.037082 0.113000
v -0.017923 0.037895 0.113000
v -0.013199 0.024694 0.000000
v -0.014395 0.024016 0.000000
v -0.021551 0.035956 0.113000
v -0.021335 0.036079 0.113000
v -0.013199 0.024694 0.000000
v -0.021335 0.036079 0.113000
v -0.019761 0.036970 0.113000
v -0.014395 0.024016 0.000000
v -0.015556 0.023281 0.000000
v -0.023290 0.034855 0.113000
v -0.023079 0.034989 0.113000
v -0.014395 0.024016 0.000000
v -0.023079 0.034989 0.113000
v -0.021551 0.035956 0.113000
v -0.015556 0.023281 0.000000
v -0.016680 0.022490 0.000000
v -0.024972 0.033671 0.113000
v -0.024768 0.033814 0.113000
v -0.015556 0.023281 0.000000
v -0.024768 0.033814 0.113000
v -0.023290 0.034855 0.113000
v -0.016680 0.022490 0.000000
v -0.017763 0.021644 0.000000
v -0.026594 0.032405 0.113000
v -0.026398 0.032558 0.113000
v -0.016680 0.022490 0.000000
v -0.026398 0.032558 0.113000
v -0.024972 0.033671 0.113000
v -0.017763 0.021644 0.000000
v -0.018804 0.020747 0.000000
v -0.028152 0.031061 0.113000
v -0.027963 0.031224 0.113000
v -0.017763 0.021644 0.000000
v -0.027963 0.031224 0.113000
v -0.026594 0.032405 0.113000
v -0.018804 0.020747 0.000000
v -0.019799 0.019799 0.000000
v -0.029642 0.029642 0.113000
v -0.029462 0.029814 0.113000
v -0.018804 0.020747 0.000000
v -0.029462 0.029814 0.113000
v -0.028152 0.031061 0.113000
v -0.019799 0.019799 0.000000
v -0.020747 0.018804 0.000000
v -0.031061 0.028152 0.113000
v -0.030889 0.028332 0.113000
v -0.019799 0.019799 0.000000
v -0.030889 0.028332 0.113000
v -0.029642 0.029642 0.113000
v -0.020747 0.018804 0.000000
v -0.021644 0.017763 0.000000
v -0.032405 0.026594 0.113000
v -0.032242 0.026782 0.113000
v -0.020747 0.018804 0.000000
v -0.032242 0.026782 0.113000
v -0.031061 0.028152 0.113000
v -0.021644 0.017763 0.000000
v -0.022490 0.016680 0.000000
v -0.033671 0.024972 0.113000
v -0.033518 0.025168 0.113000
v -0.021644 0.017763 0.000000
v -0.033518 0.025168 0.113000
v -0.032405 0.026594 0.113000
v -0.022490 0.016680 0.000000
v -0.023281 0.015556 0.000000
v -0.034855 0.023290 0.113000
v -0.034712 0.023493 0.113000
v -0.022490 0.016680 0.000000
v -0.034712 0.023493 0.113000
v -0.033671 0.024972 0.113000
v -0.023281 0.015556 0.000000
v -0.024016 0.014395 0.000000
v -0.035956 0.021551 0.113000
v -0.035823 0.021762 0.113000
v -0.023281 0.015556 0.000000
v -0.035823 0.021762 0.113000
v -0.034855 0.023290 0.113000
v -0.024016 0.014395 0.000000
v -0.024694 0.013199 0.000000
v -0.036970 0.019761 0.113000
v -0.036848 0.019978 0.113000
v -0.024016 0.014395 0.000000
v -0.036848 0.019978 0.113000
v -0.035956 0.021551 0.113000
v -0.024694 0.013199 0.000000
v -0.025312 0.011972 0.000000
v -0.037895 0.017923 0.113000
v -0.037784 0.018146 0.113000
v -0.024694 0.013199 0.000000
v -0.037784 0.018146 0.113000
v -0.036970 0.019761 0.113000
v -0.025312 0.011972 0.000000
v -0.025869 0.010715 0.000000
v -0.038729 0.016042 0.113000
v -0.038628 0.016270 0.113000
v -0.025312 0.011972 0.000000
v -0.038628 0.016270 0.113000
v -0.037895 0.017923 0.113000
v -0.025869 0.010715 0.000000
v -0.026363 0.009433 0.000000
v -0.039470 0.014123 0.113000
v -0.039380 0.014355 0.113000
v -0.025869 0.010715 0.000000
v -0.039380 0.014355 0.113000
v -0.038729 0.016042 0.113000
v -0.026363 0.009433 0.000000
v -0.026794 0.008128 0.000000
v -0.040115 0.012169 0.113000
v -0.040037 0.012405 0.113000
v -0.026363 0.009433 0.000000
v -0.040037 0.012405 0.113000
v -0.039470 0.014123 0.113000
v -0.026794 0.008128 0.000000
v -0.027161 0.006803 0.000000
v -0.040664 0.010186 0.113000
v -0.040598 0.010426 0.113000
v -0.026794 0.008128 0.000000
v -0.040598 0.010426 0.113000
v -0.040115 0.012169 0.113000
v -0.027161 0.006803 0.000000
v -0.027462 0.005463 0.000000
v -0.041115 0.008178 0.113000
v -0.041060 0.008421 0.113000
v -0.027161 0.006803 0.000000
v -0.041060 0.008421 0.113000
v -0.040664 0.010186 0.113000
v -0.027462 0.005463 0.000000
v -0.027697 0.004108 0.000000
v -0.041467 0.006151 0.113000
v -0.041424 0.006396 0.113000
v -0.027462 0.005463 0.000000
v -0.041424 0.006396 0.113000
v -0.041115 0.008178 0.113000
v -0.027697 0.004108 0.000000
v -0.027865 0.002744 0.000000
v -0.041718 0.004109 0.113000
v -0.041688 0.004356 0.113000
v -0.027697 0.004108 0.000000
v -0.041688 0.004356 0.113000
v -0.041467 0.006151 0.113000
v -0.027865 0.002744 0.000000
v -0.027966 0.001374 0.000000
v -0.041870 0.002057 0.113000
v -0.041851 0.002305 0.113000
v -0.027865 0.002744 0.000000
v -0.041851 0.002305 0.113000
v -0.041718 0.004109 0.113000
v -0.027966 0.001374 0.000000
v -0.028000 0.000000 0.000000
v -0.041920 0.000000 0.113000
v -0.041914 0.000249 0.113000
v -0.027966 0.001374 0.000000
v -0.041914 0.000249 0.113000
v -0.041870 0.002057 0.113000
v -0.028000 0.000000 0.000000
v -0.027966 -0.001374 0.000000
v -0.041870 -0.002057 0.113000
v -0.041876 -0.001808 0.113000
v -0.028000 0.000000 0.000000
v -0.041876 -0.001808 0.113000
v -0.041920 0.000000 0.113000
v -0.027966 -0.001374 0.000000
v -0.027865 -0.002744 0.000000
v -0.041718 -0.004109 0.113000
v -0.041737 -0.003861 0.113000
v -0.027966 -0.001374 0.000000
v -0.041737 -0.003861 0.113000
v -0.041870 -0.002057 0.113000
v -0.027865 -0.002744 0.000000
v -0.027697 -0.004108 0.000000
v -0.041467 -0.006151 0.113000
v -0.041497 -0.005904 0.113000
v -0.027865 -0.002744 0.000000
v -0.041497 -0.005904 0.113000
v -0.041718 -0.004109 0.113000
v -0.027697 -0.004108 0.000000
v -0.027462 -0.005463 0.000000
v -0.041115 -0.008178 0.113000
v -0.041157 -0.007933 0.113000
v -0.027697 -0.004108 0.000000
v -0.041157 -0.007933 0.113000
v -0.041467 -0.006151 0.113000
v -0.027462 -0.005463 0.000000
v -0.027161 -0.006803 0.000000
v -0.040664 -0.010186 0.113000
v -0.040719 -0.009943 0.113000
v -0.027462 -0.005463 0.000000
v -0.040719 -0.009943 0.113000
v -0.041115 -0.008178 0.113000
v -0.027161 -0.006803 0.000000
v -0.026794 -0.008128 0.000000
v -0.040115 -0.012169 0.113000
v -0.040182 -0.011929 0.113000
v -0.027161 -0.006803 0.000000
v -0.040182 -0.011929 0.113000
v -0.040664 -0.010186 0.113000
v -0.026794 -0.008128 0.000000
v -0.026363 -0.009433 0.000000
v -0.039470 -0.014123 0.113000
v -0.039548 -0.013886 0.113000
v -0.026794 -0.008128 0.000000
v -0.039548 -0.013886 0.113000
v -0.040115 -0.012169 0.113000
v -0.026363 -0.009433 0.000000
v -0.025869 -0.010715 0.000000
v -0.038729 -0.016042 0.113000
v -0.038819 -0.015810 0.113000
v -0.026363 -0.009433 0.000000
v -0.038819 -0.015810 0.113000
v -0.039470 -0.014123 0.113000
v -0.025869 -0.010715 0.000000
v -0.025312 -0.011972 0.000000
v -0.037895 -0.017923 0.113000
v -0.037996 -0.017696 0.113000
v -0.025869 -0.010715 0.000000
v -0.037996 -0.017696 0.113000
v -0.038729 -0.016042 0.113000
v -0.025312 -0.011972 0.000000
v -0.024694 -0.013199 0.000000
v -0.036970 -0.019761 0.113000
v -0.037082 -0.019539 0.113000
v -0.025312 -0.011972 0.000000
v -0.037082 -0.019539 0.113000
v -0.037895 -0.017923 0.113000
v -0.024694 -0.013199 0.000000
v -0.024016 -0.014395 0.000000
v -0.035956 -0.021551 0.113000
v -0.036079 -0.021335 0.113000
v -0.024694 -0.013199 0.000000
v -0.036079 -0.021335 0.113000
v -0.036970 -0.019761 0.113000
v -0.024016 -0.014395 0.000000
v -0.023281 -0.015556 0.000000
v -0.034855 -0.023290 0.113000
v -0.034989 -0.023079 0.113000
v -0.024016 -0.014395 0.000000
v -0.034989 -0.023079 0.113000
v -0.035956 -0.021551 0.113000
v -0.023281 -0.015556 0.000000
v -0.022490 -0.016680 0.000000
v -0.033671 -0.024972 0.113000
v -0.033814 -0.024768 0.113000
v -0.023281 -0.015556 0.000000
v -0.033814 -0.024768 0.113000
v -0.034855 -0.023290 0.113000
v -0.022490 -0.016680 0.000000
v -0.021644 -0.017763 0.000000
v -0.032405 -0.026594 0.113000
v -0.032558 -0.026398 0.113000
v -0.022490 -0.016680 0.000000
v -0.032558 -0.026398 0.113000
v -0.033671 -0.024972 0.113000
v -0.021644 -0.017763 0.000000
v -0.020747 -0.018804 0.000000
v -0.031061 -0.028152 0.113000
v -0.031224 -0.027963 0.113000
v -0.021644 -0.017763 0.000000
v -0.031224 -0.027963 0.113000
v -0.032405 -0.026594 0.113000
v -0.020747 -0.018804 0.000000
v -0.019799 -0.019799 0.000000
v -0.029642 -0.029642 0.113000
v -0.029814 -0.029462 0.113000
v -0.020747 -0.018804 0.000000
v -0.029814 -0.029462 0.113000
v -0.031061 -0.028152 0.113000
v -0.019799 -0.019799 0.000000
v -0.018804 -0.020747 0.000000
v -0.028152 -0.031061 0.113000
v -0.028332 -0.030889 0.113000
v -0.019799 -0.019799 0.000000
v -0.028332 -0.030889 0.113000
v -0.029642 -0.029642 0.113000
v -0.018804 -0.020747 0.000000
v -0.017763 -0.021644 0.000000
v -0.026594 -0.032405 0.113000
v -0.026782 -0.032242 0.113000
v -0.018804 -0.020747 0.000000
v -0.026782 -0.032242 0.113000
v -0.028152 -0.031061 0.113000
v -0.017763 -0.021644 0.000000
v -0.016680 -0.022490 0.000000
v -0.024972 -0.033671 0.113000
v -0.025168 -0.033518 0.113000
v -0.017763 -0.021644 0.000000
v -0.025168 -0.033518 0.113000
v -0.026594 -0.032405 0.113000
v -0.016680 -0.022490 0.000000
v -0.015556 -0.023281 0.000000
v -0.023290 -0.034855 0.113000
v -0.023493 -0.034712 0.113000
v -0.016680 -0.022490 0.000000
v -0.023493 -0.034712 0.113000
v -0.024972 -0.033671 0.113000
v -0.015556 -0.023281 0.000000
v -0.014395 -0.024016 0.000000
v -0.021551 -0.035956 0.113000
v -0.021762 -0.035823 0.113000
v -0.015556 -0.023281 0.000000
v -0.021762 -0.035823 0.113000
v -0.023290 -0.034855 0.113000
v -0.014395 -0.024016 0.000000
v -0.013199 -0.024694 0.000000
v -0.019761 -0.036970 0.113000
v -0.019978 -0.036848 0.113000
v -0.014395 -0.024016 0.000000
v -0.019978 -0.036848 0.113000
v -0.021551 -0.035956 0.113000
v -0.013199 -0.024694 0.000000
v -0.011972 -0.025312 0.000000
v -0.017923 -0.037895 0.113000
v -0.018146 -0.037784 0.113000
v -0.013199 -0.024694 0.000000
v -0.018146 -0.037784 0.113000
v -0.019761 -0.036970 0.113000
v -0.011972 -0.025312 0.000000
v -0.010715 -0.025869 0.000000
v -0.016042 -0.038729 0.113000
v -0.016270 -0.038628 0.113000
v -0.011972 -0.025312 0.000000
v -0.016270 -0.038628 0.113000
v -0.017923 -0.037895 0.113000
v -0.010715 -0.025869 0.000000
v -0.009433 -0.026363 0.000000
v -0.014123 -0.039470 0.113000
v -0.014355 -0.039380 0.113000
v -0.010715 -0.025869 0.000000
v -0.014355 -0.039380 0.113000
v -0.016042 -0.038729 0.113000
v -0.009433 -0.026363 0.000000
v -0.008128 -0.026794 0.000000
v -0.012169 -0.040115 0.113000
v -0.012405 -0.040037 0.113000
v -0.009433 -0.026363 0.000000
v -0.012405 -0.040037 0.113000
v -0.014123 -0.039470 0.113000
v -0.008128 -0.026794 0.000000
v -0.006803 -0.027161 0.000000
v -0.010186 -0.040664 0.113000
v -0.010426 -0.040598 0.113000
v -0.008128 -0.026794 0.000000
v -0.010426 -0.040598 0.113000
v -0.012169 -0.040115 0.113000
v -0.006803 -0.027161 0.000000
v -0.005463 -0.027462 0.000000
v -0.008178 -0.041115 0.113000
v -0.008421 -0.041060 0.113000
v -0.006803 -0.027161 0.000000
v -0.008421 -0.041060 0.113000
v -0.010186 -0.040664 0.113000
v -0.005463 -0.027462 0.000000
v -0.004108 -0.027697 0.000000
v -0.006151 -0.041467 0.113000
v -0.006396 -0.041424 0.113000
v -0.005463 -0.027462 0.000000
v -0.006396 -0.041424 0.113000
v -0.008178 -0.041115 0.113000
v -0.004108 -0.027697 0.000000
v -0.002744 -0.027865 0.000000
v -0.004109 -0.041718 0.113000
v -0.004356 -0.041688 0.113000
v -0.004108 -0.027697 0.000000
v -0.004356 -0.041688 0.113000
v -0.006151 -0.041467 0.113000
v -0.002744 -0.027865 0.000000
v -0.001374 -0.027966 0.000000
v -0.002057 -0.041870 0.113000
v -0.002305 -0.041851 0.113000
v -0.002744 -0.027865 0.000000
v -0.002305 -0.041851 0.113000
v -0.004109 -0.041718 0.113000
v -0.001374 -0.027966 0.000000
v -0.000000 -0.028000 0.000000
v 0.000000 -0.041920 0.113000
v -0.000249 -0.041914 0.113000
v -0.001374 -0.027966 0.000000
v -0.000249 -0.041914 0.113000
v -0.002057 -0.041870 0.113000
v -0.000000 -0.028000 0.000000
v 0.001374 -0.027966 0.000000
v 0.002057 -0.041870 0.113000
v 0.001808 -0.041876 0.113000
v -0.000000 -0.028000 0.000000
v 0.001808 -0.041876 0.113000
v 0.000000 -0.041920 0.113000
v 0.001374 -0.027966 0.000000
v 0.002744 -0.027865 0.000000
v 0.004109 -0.041718 0.113000
v 0.003861 -0.041737 0.113000
v 0.001374 -0.027966 0.000000
v 0.003861 -0.041737 0.113000
v 0.002057 -0.041870 0.113000
v 0.002744 -0.027865 0.000000
v 0.004108 -0.027697 0.000000
v 0.006151 -0.041467 0.113000
v 0.005904 -0.041497 0.113000
v 0.002744 -0.027865 0.000000
v 0.005904 -0.041497 0.113000
v 0.004109 -0.041718 0.113000
v 0.004108 -0.027697 0.000000
v 0.005463 -0.027462 0.000000
v 0.008178 -0.041115 0.113000
v 0.007933 -0.041157 0.113000
v 0.004108 -0.027697 0.000000
v 0.007933 -0.041157 0.113000
v 0.006151 -0.041467 0.113000
v 0.005463 -0.027462 0.000000
v 0.006803 -0.027161 0.000000
v 0.010186 -0.040664 0.113000
v 0.009943 -0.040719 0.113000
v 0.005463 -0.027462 0.000000
v 0.009943 -0.040719 0.113000
v 0.008178 -0.041115 0.113000
v 0.006803 -0.027161 0.000000
v 0.008128 -0.026794 0.000000
v 0.012169 -0.040115 0.113000
v 0.011929 -0.040182 0.113000
v 0.006803 -0.027161 0.000000
v 0.011929 -0.040182 0.113000
v 0.010186 -0.040664 0.113000
v 0.008128 -0.026794 0.000000
v 0.009433 -0.026363 0.000000
v 0.014123 -0.039470 0.113000
v 0.013886 -0.039548 0.113000
v 0.008128 -0.026794 0.000000
v 0.013886 -0.039548 0.113000
v 0.012169 -0.040115 0.113000
v 0.009433 -0.026363 0.000000
v 0.010715 -0.025869 0.000000
v 0.016042 -0.038729 0.113000
v 0.015810 -0.038819 0.113000
v 0.009433 -0.026363 0.000000
v 0.015810 -0.038819 0.113000
v 0.014123 -0.039470 0.113000
v 0.010715 -0.025869 0.000000
v 0.011972 -0.025312 0.000000
v 0.017923 -0.037895 0.113000
v 0.017696 -0.037996 0.113000
v 0.010715 -0.025869 0.000000
v 0.017696 -0.037996 0.113000
v 0.016042 -0.038729 0.113000
v 0.011972 -0.025312 0.000000
v 0.013199 -0.024694 0.000000
v 0.019761 -0.036970 0.113000
v 0.019539 -0.037082 0.113000
v 0.011972 -0.025312 0.000000
v 0.019539 -0.037082 0.113000
v 0.017923 -0.037895 0.113000
v 0.013199 -0.024694 0.000000
v 0.014395 -0.024016 0.000000
v 0.021551 -0.035956 0.113000
v 0.021335 -0.036079 0.113000
v 0.013199 -0.024694 0.000000
v 0.021335 -0.036079 0.113000
v 0.019761 -0.036970 0.113000
v 0.014395 -0.024016 0.000000
v 0.015556 -0.023281 0.000000
v 0.023290 -0.034855 0.113000
v 0.023079 -0.034989 0.113000
v 0.014395 -0.024016 0.000000
v 0.023079 -0.034989 0.113000
v 0.021551 -0.035956 0.113000
v 0.015556 -0.023281 0.000000
v 0.016680 -0.022490 0.000000
v 0.024972 -0.033671 0.113000
v 0.024768 -0.033814 0.113000
v 0.015556 -0.023281 0.000000
v 0.024768 -0.033814 0.113000
v 0.023290 -0.034855 0.113000
v 0.016680 -0.022490 0.000000
v 0.017763 -0.021644 0.000000
v 0.026594 -0.032405 0.113000
v 0.026398 -0.032558 0.113000
v 0.016680 -0.022490 0.000000
v 0.026398 -0.032558 0.113000
v 0.024972 -0.033671 0.113000
v 0.017763 -0.021644 0.000000
v 0.018804 -0.020747 0.000000
v 0.028152 -0.031061 0.113000
v 0.027963 -0.031224 0.113000
v 0.017763 -0.021644 0.000000
v 0.027963 -0.031224 0.113000
v 0.026594 -0.032405 0.113000
v 0.018804 -0.020747 0.000000
v 0.019799 -0.019799 0.000000
v 0.029642 -0.029642 0.113000
v 0.029462 -0.029814 0.113000
v 0.018804 -0.020747 0.000000
v 0.029462 -0.029814 0.113000
v 0.028152 -0.031061 0.113000
v 0.019799 -0.019799 0.000000
v 0.020747 -0.018804 0.000000
v 0.031061 -0.028152 0.113000
v 0.030889 -0.028332 0.113000
v 0.019799 -0.019799 0.000000
v 0.030889 -0.028332 0.113000
v 0.029642 -0.029642 0.113000
v 0.020747 -0.018804 0.000000
v 0.021644 -0.017763 0.000000
v 0.032405 -0.026594 0.113000
v 0.032242 -0.026782 0.113000
v 0.020747 -0.018804 0.000000
v 0.032242 -0.026782 0.113000
v 0.031061 -0.028152 0.113000
v 0.021644 -0.017763 0.000000
v 0.022490 -0.016680 0.000000
v 0.033671 -0.024972 0.113000
v 0.033518 -0.025168 0.113000
v 0.021644 -0.017763 0.000000
v 0.033518 -0.025168 0.113000
v 0.032405 -0.026594 0.113000
v 0.022490 -0.016680 0.000000
v 0.023281 -0.015556 0.000000
v 0.034855 -0.023290 0.113000
v 0.034712 -0.023493 0.113000
v 0.022490 -0.016680 0.000000
v 0.034712 -0.023493 0.113000
v 0.033671 -0.024972 0.113000
v 0.023281 -0.015556 0.000000
v 0.024016 -0.014395 0.000000
v 0.035956 -0.021551 0.113000
v 0.035823 -0.021762 0.113000
v 0.023281 -0.015556 0.000000
v 0.035823 -0.021762 0.113000
v 0.034855 -0.023290 0.113000
v 0.024016 -0.014395 0.000000
v 0.024694 -0.013199 0.000000
v 0.036970 -0.019761 0.113000
v 0.036848 -0.019978 0.113000
v 0.024016 -0.014395 0.000000
v 0.036848 -0.019978 0.113000
v 0.035956 -0.021551 0.113000
v 0.024694 -0.013199 0.000000
v 0.025312 -0.011972 0.000000
v 0.037895 -0.017923 0.113000
v 0.037784 -0.018146 0.113000
v 0.024694 -0.013199 0.000000
v 0.037784 -0.018146 0.113000
v 0.036970 -0.019761 0.113000
v 0.025312 -0.011972 0.000000
v 0.025869 -0.010715 0.000000
v 0.038729 -0.016042 0.113000
v 0.038628 -0.016270 0.113000
v 0.025312 -0.011972 0.000000
v 0.038628 -0.016270 0.113000
v 0.037895 -0.017923 0.113000
v 0.025869 -0.010715 0.000000
v 0.026363 -0.009433 0.000000
v 0.039470 -0.014123 0.113000
v 0.039380 -0.014355 0.113000
v 0.025869 -0.010715 0.000000
v 0.039380 -0.014355 0.113000
v 0.038729 -0.016042 0.113000
v 0.026363 -0.009433 0.000000
v 0.026794 -0.008128 0.000000
v 0.040115 -0.012169 0.113000
v 0.040037 -0.012405 0.113000
v 0.026363 -0.009433 0.000000
v 0.040037 -0.012405 0.113000
v 0.039470 -0.014123 0.113000
v 0.026794 -0.008128 0.000000
v 0.027161 -0.006803 0.000000
v 0.040664 -0.010186 0.113000
v 0.040598 -0.010426 0.113000
v 0.026794 -0.008128 0.000000
v 0.040598 -0.010426 0.113000
v 0.040115 -0.012169 0.113000
v 0.027161 -0.006803 0.000000
v 0.027462 -0.005463 0.000000
v 0.041115 -0.008178 0.113000
v 0.041060 -0.008421 0.113000
v 0.027161 -0.006803 0.000000
v 0.041060 -0.008421 0.113000
v 0.040664 -0.010186 0.113000
v 0.027462 -0.005463 0.000000
v 0.027697 -0.004108 0.000000
v 0.041467 -0.006151 0.113000
v 0.041424 -0.006396 0.113000
v 0.027462 -0.005463 0.000000
v 0.041424 -0.006396 0.113000
v 0.041115 -0.008178 0.113000
v 0.027697 -0.004108 0.000000
v 0.027865 -0.002744 0.000000
v 0.041718 -0.004109 0.113000
v 0.041688 -0.004356 0.113000
v 0.027697 -0.004108 0.000000
v 0.041688 -0.004356 0.113000
v 0.041467 -0.006151 0.113000
v 0.027865 -0.002744 0.000000
v 0.027966 -0.001374 0.000000
v 0.041870 -0.002057 0.113000
v 0.041851 -0.002305 0.113000
v 0.027865 -0.002744 0.000000
v 0.041851 -0.002305 0.113000
v 0.041718 -0.004109 0.113000
v 0.027966 -0.001374 0.000000
v 0.028000 0.000000 0.000000
v 0.041920 0.000000 0.113000
v 0.041914 -0.000249 0.113000
v 0.027966 -0.001374 0.000000
v 0.041914 -0.000249 0.113000
v 0.041870 -0.002057 0.113000
v 0.039857 0.001958 0.113000
v 0.026200 0.001287 0.002000
v 0.039899 0.000237 0.113000
v 0.039899 0.000237 0.113000
v 0.026200 0.001287 0.002000
v 0.026231 0.000000 0.002000
v 0.039905 0.000000 0.113000
v 0.039713 0.003911 0.113000
v 0.026105 0.002571 0.002000
v 0.039840 0.002194 0.113000
v 0.039840 0.002194 0.113000
v 0.026105 0.002571 0.002000
v 0.026200 0.001287 0.002000
v 0.039857 0.001958 0.113000
v 0.039473 0.005855 0.113000
v 0.025947 0.003849 0.002000
v 0.039684 0.004146 0.113000
v 0.039684 0.004146 0.113000
v 0.025947 0.003849 0.002000
v 0.026105 0.002571 0.002000
v 0.039713 0.003911 0.113000
v 0.039138 0.007785 0.113000
v 0.025727 0.005117 0.002000
v 0.039433 0.006088 0.113000
v 0.039433 0.006088 0.113000
v 0.025727 0.005117 0.002000
v 0.025947 0.003849 0.002000
v 0.039473 0.005855 0.113000
v 0.038709 0.009696 0.113000
v 0.025445 0.006374 0.002000
v 0.039087 0.008016 0.113000
v 0.039087 0.008016 0.113000
v 0.025445 0.006374 0.002000
v 0.025727 0.005117 0.002000
v 0.039138 0.007785 0.113000
v 0.038187 0.011584 0.113000
v 0.025102 0.007615 0.002000
v 0.038646 0.009924 0.113000
v 0.038646 0.009924 0.113000
v 0.025102 0.007615 0.002000
v 0.025445 0.006374 0.002000
v 0.038709 0.009696 0.113000
v 0.037572 0.013444 0.113000
v 0.024698 0.008837 0.002000
v 0.038113 0.011809 0.113000
v 0.038113 0.011809 0.113000
v 0.024698 0.008837 0.002000
v 0.025102 0.007615 0.002000
v 0.038187 0.011584 0.113000
v 0.036868 0.015271 0.113000
v 0.024235 0.010038 0.002000
v 0.037487 0.013664 0.113000
v 0.037487 0.013664 0.113000
v 0.024235 0.010038 0.002000
v 0.024698 0.008837 0.002000
v 0.037572 0.013444 0.113000
v 0.036074 0.017062 0.113000
v 0.023713 0.011215 0.002000
v 0.036772 0.015487 0.113000
v 0.036772 0.015487 0.113000
v 0.023713 0.011215 0.002000
v 0.024235 0.010038 0.002000
v 0.036868 0.015271 0.113000
v 0.035193 0.018811 0.113000
v 0.023134 0.012365 0.002000
v 0.035967 0.017273 0.113000
v 0.035967 0.017273 0.113000
v 0.023134 0.012365 0.002000
v 0.023713 0.011215 0.002000
v 0.036074 0.017062 0.113000
v 0.034228 0.020515 0.113000
v 0.022499 0.013486 0.002000
v 0.035077 0.019017 0.113000
v 0.035077 0.019017 0.113000
v 0.022499 0.013486 0.002000
v 0.023134 0.012365 0.002000
v 0.035193 0.018811 0.113000
v 0.033180 0.022170 0.113000
v 0.021810 0.014573 0.002000
v 0.034101 0.020715 0.113000
v 0.034101 0.020715 0.113000
v 0.021810 0.014573 0.002000
v 0.022499 0.013486 0.002000
v 0.034228 0.020515 0.113000
v 0.032052 0.023771 0.113000
v 0.021069 0.015626 0.002000
v 0.033044 0.022364 0.113000
v 0.033044 0.022364 0.113000
v 0.021069 0.015626 0.002000
v 0.021810 0.014573 0.002000
v 0.033180 0.022170 0.113000
v 0.030847 0.025316 0.113000
v 0.020277 0.016641 0.002000
v 0.031907 0.023958 0.113000
v 0.031907 0.023958 0.113000
v 0.020277 0.016641 0.002000
v 0.021069 0.015626 0.002000
v 0.032052 0.023771 0.113000
v 0.029568 0.026799 0.113000
v 0.019436 0.017616 0.002000
v 0.030693 0.025495 0.113000
v 0.030693 0.025495 0.113000
v 0.019436 0.017616 0.002000
v 0.020277 0.016641 0.002000
v 0.030847 0.025316 0.113000
v 0.028217 0.028217 0.113000
v 0.018548 0.018548 0.002000
v 0.029405 0.026970 0.113000
v 0.029405 0.026970 0.113000
v 0.018548 0.018548 0.002000
v 0.019436 0.017616 0.002000
v 0.029568 0.026799 0.113000
v 0.026799 0.029568 0.113000
v 0.017616 0.019436 0.002000
v 0.028046 0.028380 0.113000
v 0.028046 0.028380 0.113000
v 0.017616 0.019436 0.002000
v 0.018548 0.018548 0.002000
v 0.028217 0.028217 0.113000
v 0.025316 0.030847 0.113000
v 0.016641 0.020277 0.002000
v 0.026619 0.029722 0.113000
v 0.026619 0.029722 0.113000
v 0.016641 0.020277 0.002000
v 0.017616 0.019436 0.002000
v 0.026799 0.029568 0.113000
v 0.023771 0.032052 0.113000
v 0.015626 0.021069 0.002000
v 0.025129 0.030993 0.113000
v 0.025129 0.030993 0.113000
v 0.015626 0.021069 0.002000
v 0.016641 0.020277 0.002000
v 0.025316 0.030847 0.113000
v 0.022170 0.033180 0.113000
v 0.014573 0.021810 0.002000
v 0.023578 0.032188 0.113000
v 0.023578 0.032188 0.113000
v 0.014573 0.021810 0.002000
v 0.015626 0.021069 0.002000
v 0.023771 0.032052 0.113000
v 0.020515 0.034228 0.113000
v 0.013486 0.022499 0.002000
v 0.021970 0.033307 0.113000
v 0.021970 0.033307 0.113000
v 0.013486 0.022499 0.002000
v 0.014573 0.021810 0.002000
v 0.022170 0.033180 0.113000
v 0.018811 0.035193 0.113000
v 0.012365 0.023134 0.002000
v 0.020309 0.034344 0.113000
v 0.020309 0.034344 0.113000
v 0.012365 0.023134 0.002000
v 0.013486 0.022499 0.002000
v 0.020515 0.034228 0.113000
v 0.017062 0.036074 0.113000
v 0.011215 0.023713 0.002000
v 0.018600 0.035300 0.113000
v 0.018600 0.035300 0.113000
v 0.011215 0.023713 0.002000
v 0.012365 0.023134 0.002000
v 0.018811 0.035193 0.113000
v 0.015271 0.036868 0.113000
v 0.010038 0.024235 0.002000
v 0.016845 0.036170 0.113000
v 0.016845 0.036170 0.113000
v 0.010038 0.024235 0.002000
v 0.011215 0.023713 0.002000
v 0.017062 0.036074 0.113000
v 0.013444 0.037572 0.113000
v 0.008837 0.024698 0.002000
v 0.015050 0.036953 0.113000
v 0.015050 0.036953 0.113000
v 0.008837 0.024698 0.002000
v 0.010038 0.024235 0.002000
v 0.015271 0.036868 0.113000
v 0.011584 0.038187 0.113000
v 0.007615 0.025102 0.002000
v 0.013219 0.037647 0.113000
v 0.013219 0.037647 0.113000
v 0.007615 0.025102 0.002000
v 0.008837 0.024698 0.002000
v 0.013444 0.037572 0.113000
v 0.009696 0.038709 0.113000
v 0.006374 0.025445 0.002000
v 0.011356 0.038250 0.113000
v 0.011356 0.038250 0.113000
v 0.006374 0.025445 0.002000
v 0.007615 0.025102 0.002000
v 0.011584 0.038187 0.113000
v 0.007785 0.039138 0.113000
v 0.005117 0.025727 0.002000
v 0.009465 0.038761 0.113000
v 0.009465 0.038761 0.113000
v 0.005117 0.025727 0.002000
v 0.006374 0.025445 0.002000
v 0.009696 0.038709 0.113000
v 0.005855 0.039473 0.113000
v 0.003849 0.025947 0.002000
v 0.007552 0.039179 0.113000
v 0.007552 0.039179 0.113000
v 0.003849 0.025947 0.002000
v 0.005117 0.025727 0.002000
v 0.007785 0.039138 0.113000
v 0.003911 0.039713 0.113000
v 0.002571 0.026105 0.002000
v 0.005620 0.039502 0.113000
v 0.005620 0.039502 0.113000
v 0.002571 0.026105 0.002000
v 0.003849 0.025947 0.002000
v 0.005855 0.039473 0.113000
v 0.001958 0.039857 0.113000
v 0.001287 0.026200 0.002000
v 0.003675 0.039730 0.113000
v 0.003675 0.039730 0.113000
v 0.001287 0.026200 0.002000
v 0.002571 0.026105 0.002000
v 0.003911 0.039713 0.113000
v 0.000000 0.039905 0.113000
v 0.000000 0.026231 0.002000
v 0.001721 0.039863 0.113000
v 0.001721 0.039863 0.113000
v 0.000000 0.026231 0.002000
v 0.001287 0.026200 0.002000
v 0.001958 0.039857 0.113000
v -0.001958 0.039857 0.113000
v -0.001287 0.026200 0.002000
v -0.000237 0.039899 0.113000
v -0.000237 0.039899 0.113000
v -0.001287 0.026200 0.002000
v 0.000000 0.026231 0.002000
v 0.000000 0.039905 0.113000
v -0.003911 0.039713 0.113000
v -0.002571 0.026105 0.002000
v -0.002194 0.039840 0.113000
v -0.002194 0.039840 0.113000
v -0.002571 0.026105 0.002000
v -0.001287 0.026200 0.002000
v -0.001958 0.039857 0.113000
v -0.005855 0.039473 0.113000
v -0.003849 0.025947 0.002000
v -0.004146 0.039684 0.113000
v -0.004146 0.039684 0.113000
v -0.003849 0.025947 0.002000
v -0.002571 0.026105 0.002000
v -0.003911 0.039713 0.113000
v -0.007785 0.039138 0.113000
v -0.005117 0.025727 0.002000
v -0.006088 0.039433 0.113000
v -0.006088 0.039433 0.113000
v -0.005117 0.025727 0.002000
v -0.003849 0.025947 0.002000
v -0.005855 0.039473 0.113000
v -0.009696 0.038709 0.113000
v -0.006374 0.025445 0.002000
v -0.008016 0.039087 0.113000
v -0.008016 0.039087 0.113000
v -0.006374 0.025445 0.002000
v -0.005117 0.025727 0.002000
v -0.007785 0.039138 0.113000
v -0.011584 0.038187 0.113000
v -0.007615 0.025102 0.002000
v -0.009924 0.038646 0.113000
v -0.009924 0.038646 0.113000
v -0.007615 0.025102 0.002000
v -0.006374 0.025445 0.002000
v -0.009696 0.038709 0.113000
v -0.013444 0.037572 0.113000
v -0.008837 0.024698 0.002000
v -0.011809 0.038113 0.113000
v -0.011809 0.038113 0.113000
v -0.008837 0.024698 0.002000
v -0.007615 0.025102 0.002000
v -0.011584 0.038187 0.113000
v -0.015271 0.036868 0.113000
v -0.010038 0.024235 0.002000
v -0.013664 0.037487 0.113000
v -0.013664 0.037487 0.113000
v -0.010038 0.024235 0.002000
v -0.008837 0.024698 0.002000
v -0.013444 0.037572 0.113000
v -0.017062 0.036074 0.113000
v -0.011215 0.023713 0.002000
v -0.015487 0.036772 0.113000
v -0.015487 0.036772 0.113000
v -0.011215 0.023713 0.002000
v -0.010038 0.024235 0.002000
v -0.015271 0.036868 0.113000
v -0.018811 0.035193 0.113000
v -0.012365 0.023134 0.002000
v -0.017273 0.035967 0.113000
v -0.017273 0.035967 0.113000
v -0.012365 0.023134 0.002000
v -0.011215 0.023713 0.002000
v -0.017062 0.036074 0.113000
v -0.020515 0.034228 0.113000
v -0.013486 0.022499 0.002000
v -0.019017 0.035077 0.113000
v -0.019017 0.035077 0.113000
v -0.013486 0.022499 0.002000
v -0.012365 0.023134 0.002000
v -0.018811 0.035193 0.113000
v -0.022170 0.033180 0.113000
v -0.014573 0.021810 0.002000
v -0.020715 0.034101 0.113000
v -0.020715 0.034101 0.113000
v -0.014573 0.021810 0.002000
v -0.013486 0.022499 0.002000
v -0.020515 0.034228 0.113000
v -0.023771 0.032052 0.113000
v -0.015626 0.021069 0.002000
v -0.022364 0.033044 0.113000
v -0.022364 0.033044 0.113000
v -0.015626 0.021069 0.002000
v -0.014573 0.021810 0.002000
v -0.022170 0.033180 0.113000
v -0.025316 0.030847 0.113000
v -0.016641 0.020277 0.002000
v -0.023958 0.031907 0.113000
v -0.023958 0.031907 0.113000
v -0.016641 0.020277 0.002000
v -0.015626 0.021069 0.002000
v -0.023771 0.032052 0.113000
v -0.026799 0.029568 0.113000
v -0.017616 0.019436 0.002000
v -0.025495 0.030693 0.113000
v -0.025495 0.030693 0.113000
v -0.017616 0.019436 0.002000
v -0.016641 0.020277 0.002000
v -0.025316 0.030847 0.113000
v -0.028217 0.028217 0.113000
v -0.018548 0.018548 0.002000
v -0.026970 0.029405 0.113000
v -0.026970 0.029405 0.113000
v -0.018548 0.018548 0.002000
v -0.017616 0.019436 0.002000
v -0.026799 0.029568 0.113000
v -0.029568 0.026799 0.113000
v -0.019436 0.017616 0.002000
v -0.028380 0.028046 0.113000
v -0.028380 0.028046 0.113000
v -0.019436 0.017616 0.002000
v -0.018548 0.018548 0.002000
v -0.028217 0.028217 0.113000
v -0.030847 0.025316 0.113000
v -0.020277 0.016641 0.002000
v -0.029722 0.026619 0.113000
v -0.029722 0.026619 0.113000
v -0.020277 0.016641 0.002000
v -0.019436 0.017616 0.002000
v -0.029568 0.026799 0.113000
v -0.032052 0.023771 0.113000
v -0.021069 0.015626 0.002000
v -0.030993 0.025129 0.113000
v -0.030993 0.025129 0.113000
v -0.021069 0.015626 0.002000
v -0.020277 0.016641 0.002000
v -0.030847 0.025316 0.113000
v -0.033180 0.022170 0.113000
v -0.021810 0.014573 0.002000
v -0.032188 0.023578 0.113000
v -0.032188 0.023578 0.113000
v -0.021810 0.014573 0.002000
v -0.021069 0.015626 0.002000
v -0.032052 0.023771 0.113000
v -0.034228 0.020515 0.113000
v -0.022499 0.013486 0.002000
v -0.033307 0.021970 0.113000
v -0.033307 0.021970 0.113000
v -0.022499 0.013486 0.002000
v -0.021810 0.014573 0.002000
v -0.033180 0.022170 0.113000
v -0.035193 0.018811 0.113000
v -0.023134 0.012365 0.002000
v -0.034344 0.020309 0.113000
v -0.034344 0.020309 0.113000
v -0.023134 0.012365 0.002000
v -0.022499 0.013486 0.002000
v -0.034228 0.020515 0.113000
v -0.036074 0.017062 0.113000
v -0.023713 0.011215 0.002000
v -0.035300 0.018600 0.113000
v -0.035300 0.018600 0.113000
v -0.023713 0.011215 0.002000
v -0.023134 0.012365 0.002000
v -0.035193 0.018811 0.113000
v -0.036868 0.015271 0.113000
v -0.024235 0.010038 0.002000
v -0.036170 0.016845 0.113000
v -0.036170 0.016845 0.113000
v -0.024235 0.010038 0.002000
v -0.023713 0.011215 0.002000
v -0.036074 0.017062 0.113000
v -0.037572 0.013444 0.113000
v -0.024698 0.008837 0.002000
v -0.036953 0.015050 0.113000
v -0.036953 0.015050 0.113000
v -0.024698 0.008837 0.002000
v -0.024235 0.010038 0.002000
v -0.036868 0.015271 0.113000
v -0.038187 0.011584 0.113000
v -0.025102 0.007615 0.002000
v -0.037647 0.013219 0.113000
v -0.037647 0.013219 0.113000
v -0.025102 0.007615 0.002000
v -0.024698 0.008837 0.002000
v -0.037572 0.013444 0.113000
v -0.038709 0.009696 0.113000
v -0.025445 0.006374 0.002000
v -0.038250 0.011356 0.113000
v -0.038250 0.011356 0.113000
v -0.025445 0.006374 0.002000
v -0.025102 0.007615 0.002000
v -0.038187 0.011584 0.113000
v -0.039138 0.007785 0.113000
v -0.025727 0.005117 0.002000
v -0.038761 0.009465 0.113000
v -0.038761 0.009465 0.113000
v -0.025727 0.005117 0.002000
v -0.025445 0.006374 0.002000
v -0.038709 0.009696 0.113000
v -0.039473 0.005855 0.113000
v -0.025947 0.003849 0.002000
v -0.039179 0.007552 0.113000
v -0.039179 0.007552 0.113000
v -0.025947 0.003849 0.002000
v -0.025727 0.005117 0.002000
v -0.039138 0.007785 0.113000
v -0.039713 0.003911 0.113000
v -0.026105 0.002571 0.002000
v -0.039502 0.005620 0.113000
v -0.039502 0.005620 0.113000
v -0.026105 0.002571 0.002000
v -0.025947 0.003849 0.002000
v -0.039473 0.005855 0.113000
v -0.039857 0.001958 0.113000
v -0.026200 0.001287 0.002000
v -0.039730 0.003675 0.113000
v -0.039730 0.003675 0.113000
v -0.026200 0.001287 0.002000
v -0.026105 0.002571 0.002000
v -0.039713 0.003911 0.113000
v -0.039905 0.000000 0.113000
v -0.026231 0.000000 0.002000
v -0.039863 0.001721 0.113000
v -0.039863 0.001721 0.113000
v -0.026231 0.000000 0.002000
v -0.026200 0.001287 0.002000
v -0.039857 0.001958 0.113000
v -0.039857 -0.001958 0.113000
v -0.026200 -0.001287 0.002000
v -0.039899 -0.000237 0.113000
v -0.039899 -0.000237 0.113000
v -0.026200 -0.001287 0.002000
v -0.026231 0.000000 0.002000
v -0.039905 0.000000 0.113000
v -0.039713 -0.003911 0.113000
v -0.026105 -0.002571 0.002000
v -0.039840 -0.002194 0.113000
v -0.039840 -0.002194 0.113000
v -0.026105 -0.002571 0.002000
v -0.026200 -0.001287 0.002000
v -0.039857 -0.001958 0.113000
v -0.039473 -0.005855 0.113000
v -0.025947 -0.003849 0.002000
v -0.039684 -0.004146 0.113000
v -0.039684 -0.004146 0.113000
v -0.025947 -0.003849 0.002000
v -0.026105 -0.002571 0.002000
v -0.039713 -0.003911 0.113000
v -0.039138 -0.007785 0.113000
v -0.025727 -0.005117 0.002000
v -0.039433 -0.006088 0.113000
v -0.039433 -0.006088 0.113000
v -0.025727 -0.005117 0.002000
v -0.025947 -0.003849 0.002000
v -0.039473 -0.005855 0.113000
v -0.038709 -0.009696 0.113000
v -0.025445 -0.006374 0.002000
v -0.039087 -0.008016 0.113000
v -0.039087 -0.008016 0.113000
v -0.025445 -0.006374 0.002000
v -0.025727 -0.005117 0.002000
v -0.039138 -0.007785 0.113000
v -0.038187 -0.011584 0.113000
v -0.025102 -0.007615 0.002000
v -0.038646 -0.009924 0.113000
v -0.038646 -0.009924 0.113000
v -0.025102 -0.007615 0.002000
v -0.025445 -0.006374 0.002000
v -0.038709 -0.009696 0.113000
v -0.037572 -0.013444 0.113000
v -0.024698 -0.008837 0.002000
v -0.038113 -0.011809 0.113000
v -0.038113 -0.011809 0.113000
v -0.024698 -0.008837 0.002000
v -0.025102 -0.007615 0.002000
v -0.038187 -0.011584 0.113000
v -0.036868 -0.015271 0.113000
v -0.024235 -0.010038 0.002000
v -0.037487 -0.013664 0.113000
v -0.037487 -0.013664 0.113000
v -0.024235 -0.010038 0.002000
v -0.024698 -0.008837 0.002000
v -0.037572 -0.013444 0.113000
v -0.036074 -0.017062 0.113000
v -0.023713 -0.011215 0.002000
v -0.036772 -0.015487 0.113000
v -0.036772 -0.015487 0.113000
v -0.023713 -0.011215 0.002000
v -0.024235 -0.010038 0.002000
v -0.036868 -0.015271 0.113000
v -0.035193 -0.018811 0.113000
v -0.023134 -0.012365 0.002000
v -0.035967 -0.017273 0.113000
v -0.035967 -0.017273 0.113000
v -0.023134 -0.012365 0.002000
v -0.023713 -0.011215 0.002000
v -0.036074 -0.017062 0.113000
v -0.034228 -0.020515 0.113000
v -0.022499 -0.013486 0.002000
v -0.035077 -0.019017 0.113000
v -0.035077 -0.019017 0.113000
v -0.022499 -0.013486 0.002000
v -0.023134 -0.012365 0.002000
v -0.035193 -0.018811 0.113000
v -0.033180 -0.022170 0.113000
v -0.021810 -0.014573 0.002000
v -0.034101 -0.020715 0.113000
v -0.034101 -0.020715 0.113000
v -0.021810 -0.014573 0.002000
v -0.022499 -0.013486 0.002000
v -0.034228 -0.020515 0.113000
v -0.032052 -0.023771 0.113000
v -0.021069 -0.015626 0.002000
v -0.033044 -0.022364 0.113000
v -0.033044 -0.022364 0.113000
v -0.021069 -0.015626 0.002000
v -0.021810 -0.014573 0.002000
v -0.033180 -0.022170 0.113000
v -0.030847 -0.025316 0.113000
v -0.020277 -0.016641 0.002000
v -0.031907 -0.023958 0.113000
v -0.031907 -0.023958 0.113000
v -0.020277 -0.016641 0.002000
v -0.021069 -0.015626 0.002000
v -0.032052 -0.023771 0.113000
v -0.029568 -0.026799 0.113000
v -0.019436 -0.017616 0.002000
v -0.030693 -0.025495 0.113000
v -0.030693 -0.025495 0.113000
v -0.019436 -0.017616 0.002000
v -0.020277 -0.016641 0.002000
v -0.030847 -0.025316 0.113000
v -0.028217 -0.028217 0.113000
v -0.018548 -0.018548 0.002000
v -0.029405 -0.026970 0.113000
v -0.029405 -0.026970 0.113000
v -0.018548 -0.018548 0.002000
v -0.019436 -0.017616 0.002000
v -0.029568 -0.026799 0.113000
v -0.026799 -0.029568 0.113000
v -0.017616 -0.019436 0.002000
v -0.028046 -0.028380 0.113000
v -0.028046 -0.028380 0.113000
v -0.017616 -0.019436 0.002000
v -0.018548 -0.018548 0.002000
v -0.028217 -0.028217 0.113000
v -0.025316 -0.030847 0.113000
v -0.016641 -0.020277 0.002000
v -0.026619 -0.029722 0.113000
v -0.026619 -0.029722 0.113000
v -0.016641 -0.020277 0.002000
v -0.017616 -0.019436 0.002000
v -0.026799 -0.029568 0.113000
v -0.023771 -0.032052 0.113000
v -0.015626 -0.021069 0.002000
v -0.025129 -0.030993 0.113000
v -0.025129 -0.030993 0.113000
v -0.015626 -0.021069 0.002000
v -0.016641 -0.020277 0.002000
v -0.025316 -0.030847 0.113000
v -0.022170 -0.033180 0.113000
v -0.014573 -0.021810 0.002000
v -0.023578 -0.032188 0.113000
v -0.023578 -0.032188 0.113000
v -0.014573 -0.021810 0.002000
v -0.015626 -0.021069 0.002000
v -0.023771 -0.032052 0.113000
v -0.020515 -0.034228 0.113000
v -0.013486 -0.022499 0.002000
v -0.021970 -0.033307 0.113000
v -0.021970 -0.033307 0.113000
v -0.013486 -0.022499 0.002000
v -0.014573 -0.021810 0.002000
v -0.022170 -0.033180 0.113000
v -0.018811 -0.035193 0.113000
v -0.012365 -0.023134 0.002000
v -0.020309 -0.034344 0.113000
v -0.020309 -0.034344 0.113000
v -0.012365 -0.023134 0.002000
v -0.013486 -0.022499 0.002000
v -0.020515 -0.034228 0.113000
v -0.017062 -0.036074 0.113000
v -0.011215 -0.023713 0.002000
v -0.018600 -0.035300 0.113000
v -0.018600 -0.035300 0.113000
v -0.011215 -0.023713 0.002000
v -0.012365 -0.023134 0.002000
v -0.018811 -0.035193 0.113000
v -0.015271 -0.036868 0.113000
v -0.010038 -0.024235 0.002000
v -0.016845 -0.036170 0.113000
v -0.016845 -0.036170 0.113000
v -0.010038 -0.024235 0.002000
v -0.011215 -0.023713 0.002000
v -0.017062 -0.036074 0.113000
v -0.013444 -0.037572 0.113000
v -0.008837 -0.024698 0.002000
v -0.015050 -0.036953 0.113000
v -0.015050 -0.036953 0.113000
v -0.008837 -0.024698 0.002000
v -0.010038 -0.024235 0.002000
v -0.015271 -0.036868 0.113000
v -0.011584 -0.038187 0.113000
v -0.007615 -0.025102 0.002000
v -0.013219 -0.037647 0.113000
v -0.013219 -0.037647 0.113000
v -0.007615 -0.025102 0.002000
v -0.008837 -0.024698 0.002000
v -0.013444 -0.037572 0.113000
v -0.009696 -0.038709 0.113000
v -0.006374 -0.025445 0.002000
v -0.011356 -0.038250 0.113000
v -0.011356 -0.038250 0.113000
v -0.006374 -0.025445 0.002000
v -0.007615 -0.025102 0.002000
v -0.011584 -0.038187 0.113000
v -0.007785 -0.039138 0.113000
v -0.005117 -0.025727 0.002000
v -0.009465 -0.038761 0.113000
v -0.009465 -0.038761 0.113000
v -0.005117 -0.025727 0.002000
v -0.006374 -0.025445 0.002000
v -0.009696 -0.038709 0.113000
v -0.005855 -0.039473 0.113000
v -0.003849 -0.025947 0.002000
v -0.007552 -0.039179 0.113000
v -0.007552 -0.039179 0.113000
v -0.003849 -0.025947 0.002000
v -0.005117 -0.025727 0.002000
v -0.007785 -0.039138 0.113000
v -0.003911 -0.039713 0.113000
v -0.002571 -0.026105 0.002000
v -0.005620 -0.039502 0.113000
v -0.005620 -0.039502 0.113000
v -0.002571 -0.026105 0.002000
v -0.003849 -0.025947 0.002000
v -0.005855 -0.039473 0.113000
v -0.001958 -0.039857 0.113000
v -0.001287 -0.026200 0.002000
v -0.003675 -0.039730 0.113000
v -0.003675 -0.039730 0.113000
v -0.001287 -0.026200 0.002000
v -0.002571 -0.026105 0.002000
v -0.003911 -0.039713 0.113000
v 0.000000 -0.039905 0.113000
v -0.000000 -0.026231 0.002000
v -0.001721 -0.039863 0.113000
v -0.001721 -0.039863 0.113000
v -0.000000 -0.026231 0.002000
v -0.001287 -0.026200 0.002000
v -0.001958 -0.039857 0.113000
v 0.001958 -0.039857 0.113000
v 0.001287 -0.026200 0.002000
v 0.000237 -0.039899 0.113000
v 0.000237 -0.039899 0.113000
v 0.001287 -0.026200 0.002000
v -0.000000 -0.026231 0.002000
v 0.000000 -0.039905 0.113000
v 0.003911 -0.039713 0.113000
v 0.002571 -0.026105 0.002000
v 0.002194 -0.039840 0.113000
v 0.002194 -0.039840 0.113000
v 0.002571 -0.026105 0.002000
v 0.001287 -0.026200 0.002000
v 0.001958 -0.039857 0.113000
v 0.005855 -0.039473 0.113000
v 0.003849 -0.025947 0.002000
v 0.004146 -0.039684 0.113000
v 0.004146 -0.039684 0.113000
v 0.003849 -0.025947 0.002000
v 0.002571 -0.026105 0.002000
v 0.003911 -0.039713 0.113000
v 0.007785 -0.039138 0.113000
v 0.005117 -0.025727 0.002000
v 0.006088 -0.039433 0.113000
v 0.006088 -0.039433 0.113000
v 0.005117 -0.025727 0.002000
v 0.003849 -0.025947 0.002000
v 0.005855 -0.039473 0.113000
v 0.009696 -0.038709 0.113000
v 0.006374 -0.025445 0.002000
v 0.008016 -0.039087 0.113000
v 0.008016 -0.039087 0.113000
v 0.006374 -0.025445 0.002000
v 0.005117 -0.025727 0.002000
v 0.007785 -0.039138 0.113000
v 0.011584 -0.038187 0.113000
v 0.007615 -0.025102 0.002000
v 0.009924 -0.038646 0.113000
v 0.009924 -0.038646 0.113000
v 0.007615 -0.025102 0.002000
v 0.006374 -0.025445 0.002000
v 0.009696 -0.038709 0.113000
v 0.013444 -0.037572 0.113000
v 0.008837 -0.024698 0.002000
v 0.011809 -0.038113 0.113000
v 0.011809 -0.038113 0.113000
v 0.008837 -0.024698 0.002000
v 0.007615 -0.025102 0.002000
v 0.011584 -0.038187 0.113000
v 0.015271 -0.036868 0.113000
v 0.010038 -0.024235 0.002000
v 0.013664 -0.037487 0.113000
v 0.013664 -0.037487 0.113000
v 0.010038 -0.024235 0.002000
v 0.008837 -0.024698 0.002000
v 0.013444 -0.037572 0.113000
v 0.017062 -0.036074 0.113000
v 0.011215 -0.023713 0.002000
v 0.015487 -0.036772 0.113000
v 0.015487 -0.036772 0.113000
v 0.011215 -0.023713 0.002000
v 0.010038 -0.024235 0.002000
v 0.015271 -0.036868 0.113000
v 0.018811 -0.035193 0.113000
v 0.012365 -0.023134 0.002000
v 0.017273 -0.035967 0.113000
v 0.017273 -0.035967 0.113000
v 0.012365 -0.023134 0.002000
v 0.011215 -0.023713 0.002000
v 0.017062 -0.036074 0.113000
v 0.020515 -0.034228 0.113000
v 0.013486 -0.022499 0.002000
v 0.019017 -0.035077 0.113000
v 0.019017 -0.035077 0.113000
v 0.013486 -0.022499 0.002000
v 0.012365 -0.023134 0.002000
v 0.018811 -0.035193 0.113000
v 0.022170 -0.033180 0.113000
v 0.014573 -0.021810 0.002000
v 0.020715 -0.034101 0.113000
v 0.020715 -0.034101 0.113000
v 0.014573 -0.021810 0.002000
v 0.013486 -0.022499 0.002000
v 0.020515 -0.034228 0.113000
v 0.023771 -0.032052 0.113000
v 0.015626 -0.021069 0.002000
v 0.022364 -0.033044 0.113000
v 0.022364 -0.033044 0.113000
v 0.015626 -0.021069 0.002000
v 0.014573 -0.021810 0.002000
v 0.022170 -0.033180 0.113000
v 0.025316 -0.030847 0.113000
v 0.016641 -0.020277 0.002000
v 0.023958 -0.031907 0.113000
v 0.023958 -0.031907 0.113000
v 0.016641 -0.020277 0.002000
v 0.015626 -0.021069 0.002000
v 0.023771 -0.032052 0.113000
v 0.026799 -0.029568 0.113000
v 0.017616 -0.019436 0.002000
v 0.025495 -0.030693 0.113000
v 0.025495 -0.030693 0.113000
v 0.017616 -0.019436 0.002000
v 0.016641 -0.020277 0.002000
v 0.025316 -0.030847 0.113000
v 0.028217 -0.028217 0.113000
v 0.018548 -0.018548 0.002000
v 0.026970 -0.029405 0.113000
v 0.026970 -0.029405 0.113000
v 0.018548 -0.018548 0.002000
v 0.017616 -0.019436 0.002000
v 0.026799 -0.029568 0.113000
v 0.029568 -0.026799 0.113000
v 0.019436 -0.017616 0.002000
v 0.028380 -0.028046 0.113000
v 0.028380 -0.028046 0.113000
v 0.019436 -0.017616 0.002000
v 0.018548 -0.018548 0.002000
v 0.028217 -0.028217 0.113000
v 0.030847 -0.025316 0.113000
v 0.020277 -0.016641 0.002000
v 0.029722 -0.026619 0.113000
v 0.029722 -0.026619 0.113000
v 0.020277 -0.016641 0.002000
v 0.019436 -0.017616 0.002000
v 0.029568 -0.026799 0.113000
v 0.032052 -0.023771 0.113000
v 0.021069 -0.015626 0.002000
v 0.030993 -0.025129 0.113000
v 0.030993 -0.025129 0.113000
v 0.021069 -0.015626 0.002000
v 0.020277 -0.016641 0.002000
v 0.030847 -0.025316 0.113000
v 0.033180 -0.022170 0.113000
v 0.021810 -0.014573 0.002000
v 0.032188 -0.023578 0.113000
v 0.032188 -0.023578 0.113000
v 0.021810 -0.014573 0.002000
v 0.021069 -0.015626 0.002000
v 0.032052 -0.023771 0.113000
v 0.034228 -0.020515 0.113000
v 0.022499 -0.013486 0.002000
v 0.033307 -0.021970 0.113000
v 0.033307 -0.021970 0.113000
v 0.022499 -0.013486 0.002000
v 0.021810 -0.014573 0.002000
v 0.033180 -0.022170 0.113000
v 0.035193 -0.018811 0.113000
v 0.023134 -0.012365 0.002000
v 0.034344 -0.020309 0.113000
v 0.034344 -0.020309 0.113000
v 0.023134 -0.012365 0.002000
v 0.022499 -0.013486 0.002000
v 0.034228 -0.020515 0.113000
v 0.036074 -0.017062 0.113000
v 0.023713 -0.011215 0.002000
v 0.035300 -0.018600 0.113000
v 0.035300 -0.018600 0.113000
v 0.023713 -0.011215 0.002000
v 0.023134 -0.012365 0.002000
v 0.035193 -0.018811 0.113000
v 0.036868 -0.015271 0.113000
v 0.024235 -0.010038 0.002000
v 0.036170 -0.016845 0.113000
v 0.036170 -0.016845 0.113000
v 0.024235 -0.010038 0.002000
v 0.023713 -0.011215 0.002000
v 0.036074 -0.017062 0.113000
v 0.037572 -0.013444 0.113000
v 0.024698 -0.008837 0.002000
v 0.036953 -0.015050 0.113000
v 0.036953 -0.015050 0.113000
v 0.024698 -0.008837 0.002000
v 0.024235 -0.010038 0.002000
v 0.036868 -0.015271 0.113000
v 0.038187 -0.011584 0.113000
v 0.025102 -0.007615 0.002000
v 0.037647 -0.013219 0.113000
v 0.037647 -0.013219 0.113000
v 0.025102 -0.007615 0.002000
v 0.024698 -0.008837 0.002000
v 0.037572 -0.013444 0.113000
v 0.038709 -0.009696 0.113000
v 0.025445 -0.006374 0.002000
v 0.038250 -0.011356 0.113000
v 0.038250 -0.011356 0.113000
v 0.025445 -0.006374 0.002000
v 0.025102 -0.007615 0.002000
v 0.038187 -0.011584 0.113000
v 0.039138 -0.007785 0.113000
v 0.025727 -0.005117 0.002000
v 0.038761 -0.009465 0.113000
v 0.038761 -0.009465 0.113000
v 0.025727 -0.005117 0.002000
v 0.025445 -0.006374 0.002000
v 0.038709 -0.009696 0.113000
v 0.039473 -0.005855 0.113000
v 0.025947 -0.003849 0.002000
v 0.039179 -0.007552 0.113000
v 0.039179 -0.007552 0.113000
v 0.025947 -0.003849 0.002000
v 0.025727 -0.005117 0.002000
v 0.039138 -0.007785 0.113000
v 0.039713 -0.003911 0.113000
v 0.026105 -0.002571 0.002000
v 0.039502 -0.005620 0.113000
v 0.039502 -0.005620 0.113000
v 0.026105 -0.002571 0.002000
v 0.025947 -0.003849 0.002000
v 0.039473 -0.005855 0.113000
v 0.039857 -0.001958 0.113000
v 0.026200 -0.001287 0.002000
v 0.039730 -0.003675 0.113000
v 0.039730 -0.003675 0.113000
v 0.026200 -0.001287 0.002000
v 0.026105 -0.002571 0.002000
v 0.039713 -0.003911 0.113000
v 0.039905 0.000000 0.113000
v 0.026231 0.000000 0.002000
v 0.039863 -0.001721 0.113000
v 0.039863 -0.001721 0.113000
v 0.026231 0.000000 0.002000
v 0.026200 -0.001287 0.002000
v 0.039857 -0.001958 0.113000
v 0.026231 0.000000 0.002000
v 0.026200 0.001287 0.002000
v 0.000000 0.000000 0.002000
v 0.026200 0.001287 0.002000
v 0.026105 0.002571 0.002000
v 0.000000 0.000000 0.002000
v 0.026105 0.002571 0.002000
v 0.025947 0.003849 0.002000
v 0.000000 0.000000 0.002000
v 0.025947 0.003849 0.002000
v 0.025727 0.005117 0.002000
v 0.000000 0.000000 0.002000
v 0.025727 0.005117 0.002000
v 0.025445 0.006374 0.002000
v 0.000000 0.000000 0.002000
v 0.025445 0.006374 0.002000
v 0.025102 0.007615 0.002000
v 0.000000 0.000000 0.002000
v 0.025102 0.007615 0.002000
v 0.024698 0.008837 0.002000
v 0.000000 0.000000 0.002000
v 0.024698 0.008837 0.002000
v 0.024235 0.010038 0.002000
v 0.000000 0.000000 0.002000
v 0.024235 0.010038 0.002000
v 0.023713 0.011215 0.002000
v 0.000000 0.000000 0.002000
v 0.023713 0.011215 0.002000
v 0.023134 0.012365 0.002000
v 0.000000 0.000000 0.002000
v 0.023134 0.012365 0.002000
v 0.022499 0.013486 0.002000
v 0.000000 0.000000 0.002000
v 0.022499 0.013486 0.002000
v 0.021810 0.014573 0.002000
v 0.000000 0.000000 0.002000
v 0.021810 0.014573 0.002000
v 0.021069 0.015626 0.002000
v 0.000000 0.000000 0.002000
v 0.021069 0.015626 0.002000
v 0.020277 0.016641 0.002000
v 0.000000 0.000000 0.002000
v 0.020277 0.016641 0.002000
v 0.019436 0.017616 0.002000
v 0.000000 0.000000 0.002000
v 0.019436 0.017616 0.002000
v 0.018548 0.018548 0.002000
v 0.000000 0.000000 0.002000
v 0.018548 0.018548 0.002000
v 0.017616 0.019436 0.002000
v 0.000000 0.000000 0.002000
v 0.017616 0.019436 0.002000
v 0.016641 0.020277 0.002000
v 0.000000 0.000000 0.002000
v 0.016641 0.020277 0.002000
v 0.015626 0.021069 0.002000
v 0.000000 0.000000 0.002000
v 0.015626 0.021069 0.002000
v 0.014573 0.021810 0.002000
v 0.000000 0.000000 0.002000
v 0.014573 0.021810 0.002000
v 0.013486 0.022499 0.002000
v 0.000000 0.000000 0.002000
v 0.013486 0.022499 0.002000
v 0.012365 0.023134 0.002000
v 0.000000 0.000000 0.002000
v 0.012365 0.023134 0.002000
v 0.011215 0.023713 0.002000
v 0.000000 0.000000 0.002000
v 0.011215 0.023713 0.002000
v 0.010038 0.024235 0.002000
v 0.000000 0.000000 0.002000
v 0.010038 0.024235 0.002000
v 0.008837 0.024698 0.002000
v 0.000000 0.000000 0.002000
v 0.008837 0.024698 0.002000
v 0.007615 0.025102 0.002000
v 0.000000 0.000000 0.002000
v 0.007615 0.025102 0.002000
v 0.006374 0.025445 0.002000
v 0.000000 0.000000 0.002000
v 0.006374 0.025445 0.002000
v 0.005117 0.025727 0.002000
v 0.000000 0.000000 0.002000
v 0.005117 0.025727 0.002000
v 0.003849 0.025947 0.002000
v 0.000000 0.000000 0.002000
v 0.003849 0.025947 0.002000
v 0.002571 0.026105 0.002000
v 0.000000 0.000000 0.002000
v 0.002571 0.026105 0.002000
v 0.001287 0.026200 0.002000
v 0.000000 0.000000 0.002000
v 0.001287 0.026200 0.002000
v 0.000000 0.026231 0.002000
v 0.000000 0.000000 0.002000
v 0.000000 0.026231 0.002000
v -0.001287 0.026200 0.002000
v 0.000000 0.000000 0.002000
v -0.001287 0.026200 0.002000
v -0.002571 0.026105 0.002000
v 0.000000 0.000000 0.002000
v -0.002571 0.026105 0.002000
v -0.003849 0.025947 0.002000
v 0.000000 0.000000 0.002000
v -0.003849 0.025947 0.002000
v -0.005117 0.025727 0.002000
v 0.000000 0.000000 0.002000
v -0.005117 0.025727 0.002000
v -0.006374 0.025445 0.002000
v 0.000000 0.000000 0.002000
v -0.006374 0.025445 0.002000
v -0.007615 0.025102 0.002000
v 0.000000 0.000000 0.002000
v -0.007615 0.025102 0.002000
v -0.008837 0.024698 0.002000
v 0.000000 0.000000 0.002000
v -0.008837 0.024698 0.002000
v -0.010038 0.024235 0.002000
v 0.000000 0.000000 0.002000
v -0.010038 0.024235 0.002000
v -0.011215 0.023713 0.002000
v 0.000000 0.000000 0.002000
v -0.011215 0.023713 0.002000
v -0.012365 0.023134 0.002000
v 0.000000 0.000000 0.002000
v -0.012365 0.023134 0.002000
v -0.013486 0.022499 0.002000
v 0.000000 0.000000 0.002000
v -0.013486 0.022499 0.002000
v -0.014573 0.021810 0.002000
v 0.000000 0.000000 0.002000
v -0.014573 0.021810 0.002000
v -0.015626 0.021069 0.002000
v 0.000000 0.000000 0.002000
v -0.015626 0.021069 0.002000
v -0.016641 0.020277 0.002000
v 0.000000 0.000000 0.002000
v -0.016641 0.020277 0.002000
v -0.017616 0.019436 0.002000
v 0.000000 0.000000 0.002000
v -0.017616 0.019436 0.002000
v -0.018548 0.018548 0.002000
v 0.000000 0.000000 0.002000
v -0.018548 0.018548 0.002000
v -0.019436 0.017616 0.002000
v 0.000000 0.000000 0.002000
v -0.019436 0.017616 0.002000
v -0.020277 0.016641 0.002000
v 0.000000 0.000000 0.002000
v -0.020277 0.016641 0.002000
v -0.021069 0.015626 0.002000
v 0.000000 0.000000 0.002000
v -0.021069 0.015626 0.002000
v -0.021810 0.014573 0.002000
v 0.000000 0.000000 0.002000
v -0.021810 0.014573 0.002000
v -0.022499 0.013486 0.002000
v 0.000000 0.000000 0.002000
v -0.022499 0.013486 0.002000
v -0.023134 0.012365 0.002000
v 0.000000 0.000000 0.002000
v -0.023134 0.012365 0.002000
v -0.023713 0.011215 0.002000
v 0.000000 0.000000 0.002000
v -0.023713 0.011215 0.002000
v -0.024235 0.010038 0.002000
v 0.000000 0.000000 0.002000
v -0.024235 0.010038 0.002000
v -0.024698 0.008837 0.002000
v 0.000000 0.000000 0.002000
v -0.024698 0.008837 0.002000
v -0.025102 0.007615 0.002000
v 0.000000 0.000000 0.002000
v -0.025102 0.007615 0.002000
v -0.025445 0.006374 0.002000
v 0.000000 0.000000 0.002000
v -0.025445 0.006374 0.002000
v -0.025727 0.005117 0.002000
v 0.000000 0.000000 0.002000
v -0.025727 0.005117 0.002000
v -0.025947 0.003849 0.002000
v 0.000000 0.000000 0.002000
v -0.025947 0.003849 0.002000
v -0.026105 0.002571 0.002000
v 0.000000 0.000000 0.002000
v -0.026105 0.002571 0.002000
v -0.026200 0.001287 0.002000
v 0.000000 0.000000 0.002000
v -0.026200 0.001287 0.002000
v -0.026231 0.000000 0.002000
v 0.000000 0.000000 0.002000
v -0.026231 0.000000 0.002000
v -0.026200 -0.001287 0.002000
v 0.000000 0.000000 0.002000
v -0.026200 -0.001287 0.002000
v -0.026105 -0.002571 0.002000
v 0.000000 0.000000 0.002000
v -0.026105 -0.002571 0.002000
v -0.025947 -0.003849 0.002000
v 0.000000 0.000000 0.002000
v -0.025947 -0.003849 0.002000
v -0.025727 -0.005117 0.002000
v 0.000000 0.000000 0.002000
v -0.025727 -0.005117 0.002000
v -0.025445 -0.006374 0.002000
v 0.000000 0.000000 0.002000
v -0.025445 -0.006374 0.002000
v -0.025102 -0.007615 0.002000
v 0.000000 0.000000 0.002000
v -0.025102 -0.007615 0.002000
v -0.024698 -0.008837 0.002000
v 0.000000 0.000000 0.002000
v -0.024698 -0.008837 0.002000
v -0.024235 -0.010038 0.002000
v 0.000000 0.000000 0.002000
v -0.024235 -0.010038 0.002000
v -0.023713 -0.011215 0.002000
v 0.000000 0.000000 0.002000
v -0.023713 -0.011215 0.002000
v -0.023134 -0.012365 0.002000
v 0.000000 0.000000 0.002000
v -0.023134 -0.012365 0.002000
v -0.022499 -0.013486 0.002000
v 0.000000 0.000000 0.002000
v -0.022499 -0.013486 0.002000
v -0.021810 -0.014573 0.002000
v 0.000000 0.000000 0.002000
v -0.021810 -0.014573 0.002000
v -0.021069 -0.015626 0.002000
v 0.000000 0.000000 0.002000
v -0.021069 -0.015626 0.002000
v -0.020277 -0.016641 0.002000
v 0.000000 0.000000 0.002000
v -0.020277 -0.016641 0.002000
v -0.019436 -0.017616 0.002000
v 0.000000 0.000000 0.002000
v -0.019436 -0.017616 0.002000
v -0.018548 -0.018548 0.002000
v 0.000000 0.000000 0.002000
v -0.018548 -0.018548 0.002000
v -0.017616 -0.019436 0.002000
v 0.000000 0.000000 0.002000
v -0.017616 -0.019436 0.002000
v -0.016641 -0.020277 0.002000
v 0.000000 0.000000 0.002000
v -0.016641 -0.020277 0.002000
v -0.015626 -0.021069 0.002000
v 0.000000 0.000000 0.002000
v -0.015626 -0.021069 0.002000
v -0.014573 -0.021810 0.002000
v 0.000000 0.000000 0.002000
v -0.014573 -0.021810 0.002000
v -0.013486 -0.022499 0.002000
v 0.000000 0.000000 0.002000
v -0.013486 -0.022499 0.002000
v -0.012365 -0.023134 0.002000
v 0.000000 0.000000 0.002000
v -0.012365 -0.023134 0.002000
v -0.011215 -0.023713 0.002000
v 0.000000 0.000000 0.002000
v -0.011215 -0.023713 0.002000
v -0.010038 -0.024235 0.002000
v 0.000000 0.000000 0.002000
v -0.010038 -0.024235 0.002000
v -0.008837 -0.024698 0.002000
v 0.000000 0.000000 0.002000
v -0.008837 -0.024698 0.002000
v -0.007615 -0.025102 0.002000
v 0.000000 0.000000 0.002000
v -0.007615 -0.025102 0.002000
v -0.006374 -0.025445 0.002000
v 0.000000 0.000000 0.002000
v -0.006374 -0.025445 0.002000
v -0.005117 -0.025727 0.002000
v 0.000000 0.000000 0.002000
v -0.005117 -0.025727 0.002000
v -0.003849 -0.025947 0.002000
v 0.000000 0.000000 0.002000
v -0.003849 -0.025947 0.002000
v -0.002571 -0.026105 0.002000
v 0.000000 0.000000 0.002000
v -0.002571 -0.026105 0.002000
v -0.001287 -0.026200 0.002000
v 0.000000 0.000000 0.002000
v -0.001287 -0.026200 0.002000
v -0.000000 -0.026231 0.002000
v 0.000000 0.000000 0.002000
v -0.000000 -0.026231 0.002000
v 0.001287 -0.026200 0.002000
v 0.000000 0.000000 0.002000
v 0.001287 -0.026200 0.002000
v 0.002571 -0.026105 0.002000
v 0.000000 0.000000 0.002000
v 0.002571 -0.026105 0.002000
v 0.003849 -0.025947 0.002000
v 0.000000 0.000000 0.002000
v 0.003849 -0.025947 0.002000
v 0.005117 -0.025727 0.002000
v 0.000000 0.000000 0.002000
v 0.005117 -0.025727 0.002000
v 0.006374 -0.025445 0.002000
v 0.000000 0.000000 0.002000
v 0.006374 -0.025445 0.002000
v 0.007615 -0.025102 0.002000
v 0.000000 0.000000 0.002000
v 0.007615 -0.025102 0.002000
v 0.008837 -0.024698 0.002000
v 0.000000 0.000000 0.002000
v 0.008837 -0.024698 0.002000
v 0.010038 -0.024235 0.002000
v 0.000000 0.000000 0.002000
v 0.010038 -0.024235 0.002000
v 0.011215 -0.023713 0.002000
v 0.000000 0.000000 0.002000
v 0.011215 -0.023713 0.002000
v 0.012365 -0.023134 0.002000
v 0.000000 0.000000 0.002000
v 0.012365 -0.023134 0.002000
v 0.013486 -0.022499 0.002000
v 0.000000 0.000000 0.002000
v 0.013486 -0.022499 0.002000
v 0.014573 -0.021810 0.002000
v 0.000000 0.000000 0.002000
v 0.014573 -0.021810 0.002000
v 0.015626 -0.021069 0.002000
v 0.000000 0.000000 0.002000
v 0.015626 -0.021069 0.002000
v 0.016641 -0.020277 0.002000
v 0.000000 0.000000 0.002000
v 0.016641 -0.020277 0.002000
v 0.017616 -0.019436 0.002000
v 0.000000 0.000000 0.002000
v 0.017616 -0.019436 0.002000
v 0.018548 -0.018548 0.002000
v 0.000000 0.000000 0.002000
v 0.018548 -0.018548 0.002000
v 0.019436 -0.017616 0.002000
v 0.000000 0.000000 0.002000
v 0.019436 -0.017616 0.002000
v 0.020277 -0.016641 0.002000
v 0.000000 0.000000 0.002000
v 0.020277 -0.016641 0.002000
v 0.021069 -0.015626 0.002000
v 0.000000 0.000000 0.002000
v 0.021069 -0.015626 0.002000
v 0.021810 -0.014573 0.002000
v 0.000000 0.000000 0.002000
v 0.021810 -0.014573 0.002000
v 0.022499 -0.013486 0.002000
v 0.000000 0.000000 0.002000
v 0.022499 -0.013486 0.002000
v 0.023134 -0.012365 0.002000
v 0.000000 0.000000 0.002000
v 0.023134 -0.012365 0.002000
v 0.023713 -0.011215 0.002000
v 0.000000 0.000000 0.002000
v 0.023713 -0.011215 0.002000
v 0.024235 -0.010038 0.002000
v 0.000000 0.000000 0.002000
v 0.024235 -0.010038 0.002000
v 0.024698 -0.008837 0.002000
v 0.000000 0.000000 0.002000
v 0.024698 -0.008837 0.002000
v 0.025102 -0.007615 0.002000
v 0.000000 0.000000 0.002000
v 0.025102 -0.007615 0.002000
v 0.025445 -0.006374 0.002000
v 0.000000 0.000000 0.002000
v 0.025445 -0.006374 0.002000
v 0.025727 -0.005117 0.002000
v 0.000000 0.000000 0.002000
v 0.025727 -0.005117 0.002000
v 0.025947 -0.003849 0.002000
v 0.000000 0.000000 0.002000
v 0.025947 -0.003849 0.002000
v 0.026105 -0.002571 0.002000
v 0.000000 0.000000 0.002000
v 0.026105 -0.002571 0.002000
v 0.026200 -0.001287 0.002000
v 0.000000 0.000000 0.002000
v 0.026200 -0.001287 0.002000
v 0.026231 0.000000 0.002000
v 0.000000 0.000000 0.002000
vt 0.007813 0.000000
vt 0.000000 0.000000
vt 0.000000 0.000000
vt 0.015622 0.000000
vt 0.007813 0.000000
vt 0.000000 0.000000
vt 0.023435 0.000000
vt 0.015622 0.000000
vt 0.000000 0.000000
vt 0.031253 0.000000
vt 0.023435 0.000000
vt 0.000000 0.000000
vt 0.039060 0.000000
vt 0.031253 0.000000
vt 0.000000 0.000000
vt 0.046876 0.000000
vt 0.039060 0.000000
vt 0.000000 0.000000
vt 0.054688 0.000000
vt 0.046876 0.000000
vt 0.000000 0.000000
vt 0.062498 0.000000
vt 0.054688 0.000000
vt 0.000000 0.000000
vt 0.070314 0.000000
vt 0.062498 0.000000
vt 0.000000 0.000000
vt 0.078124 0.000000
vt 0.070314 0.000000
vt 0.000000 0.000000
vt 0.085939 0.000000
vt 0.078124 0.000000
vt 0.000000 0.000000
vt 0.093751 0.000000
vt 0.085939 0.000000
vt 0.000000 0.000000
vt 0.101564 0.000000
vt 0.093751 0.000000
vt 0.000000 0.000000
vt 0.109376 0.000000
vt 0.101564 0.000000
vt 0.000000 0.000000
vt 0.117188 0.000000
vt 0.109376 0.000000
vt 0.000000 0.000000
vt 0.125000 0.000000
vt 0.117188 0.000000
vt 0.000000 0.000000
vt 0.132812 0.000000
vt 0.125000 0.000000
vt 0.000000 0.000000
vt 0.140624 0.000000
vt 0.132812 0.000000
vt 0.000000 0.000000
vt 0.148436 0.000000
vt 0.140624 0.000000
vt 0.000000 0.000000
vt 0.156249 0.000000
vt 0.148436 0.000000
vt 0.000000 0.000000
vt 0.164061 0.000000
vt 0.156249 0.000000
vt 0.000000 0.000000
vt 0.171876 0.000000
vt 0.164061 0.000000
vt 0.000000 0.000000
vt 0.179686 0.000000
vt 0.171876 0.000000
vt 0.000000 0.000000
vt 0.187502 0.000000
vt 0.179686 0.000000
vt 0.000000 0.000000
vt 0.195312 0.000000
vt 0.187502 0.000000
vt 0.000000 0.000000
vt 0.203124 0.000000
vt 0.195312 0.000000
vt 0.000000 0.000000
vt 0.210940 0.000000
vt 0.203124 0.000000
vt 0.000000 0.000000
vt 0.218747 0.000000
vt 0.210940 0.000000
vt 0.000000 0.000000
vt 0.226565 0.000000
vt 0.218747 0.000000
vt 0.000000 0.000000
vt 0.234378 0.000000
vt 0.226565 0.000000
vt 0.000000 0.000000
vt 0.242187 0.000000
vt 0.234378 0.000000
vt 0.000000 0.000000
vt 0.250000 0.000000
vt 0.242187 0.000000
vt 0.000000 0.000000
vt 0.257813 0.000000
vt 0.250000 0.000000
vt 0.000000 0.000000
vt 0.265622 0.000000
vt 0.257813 0.000000
vt 0.000000 0.000000
vt 0.273435 0.000000
vt 0.265622 0.000000
vt 0.000000 0.000000
vt 0.281253 0.000000
vt 0.273435 0.000000
vt 0.000000 0.000000
vt 0.289060 0.000000
vt 0.281253 0.000000
vt 0.000000 0.000000
vt 0.296876 0.000000
vt 0.289060 0.000000
vt 0.000000 0.000000
vt 0.304688 0.000000
vt 0.296876 0.000000
vt 0.000000 0.000000
vt 0.312498 0.000000
vt 0.304688 0.000000
vt 0.000000 0.000000
vt 0.320314 0.000000
vt 0.312498 0.000000
vt 0.000000 0.000000
vt 0.328124 0.000000
vt 0.320314 0.000000
vt 0.000000 0.000000
vt 0.335939 0.000000
vt 0.328124 0.000000
vt 0.000000 0.000000
vt 0.343751 0.000000
vt 0.335939 0.000000
vt 0.000000 0.000000
vt 0.351564 0.000000
vt 0.343751 0.000000
vt 0.000000 0.000000
vt 0.359376 0.000000
vt 0.351564 0.000000
vt 0.000000 0.000000
vt 0.367188 0.000000
vt 0.359376 0.000000
vt 0.000000 0.000000
vt 0.375000 0.000000
vt 0.367188 0.000000
vt 0.000000 0.000000
vt 0.382812 0.000000
vt 0.375000 0.000000
vt 0.000000 0.000000
vt 0.390624 0.000000
vt 0.382812 0.000000
vt 0.000000 0.000000
vt 0.398436 0.000000
vt 0.390624 0.000000
vt 0.000000 0.000000
vt 0.406249 0.000000
vt 0.398436 0.000000
vt 0.000000 0.000000
vt 0.414061 0.000000
vt 0.406249 0.000000
vt 0.000000 0.000000
vt 0.421876 0.000000
vt 0.414061 0.000000
vt 0.000000 0.000000
vt 0.429686 0.000000
vt 0.421876 0.000000
vt 0.000000 0.000000
vt 0.437502 0.000000
vt 0.429686 0.000000
vt 0.000000 0.000000
vt 0.445312 0.000000
vt 0.437502 0.000000
vt 0.000000 0.000000
vt 0.453124 0.000000
vt 0.445312 0.000000
vt 0.000000 0.000000
vt 0.460940 0.000000
vt 0.453124 0.000000
vt 0.000000 0.000000
vt 0.468747 0.000000
vt 0.460940 0.000000
vt 0.000000 0.000000
vt 0.476565 0.000000
vt 0.468747 0.000000
vt 0.000000 0.000000
vt 0.484378 0.000000
vt 0.476565 0.000000
vt 0.000000 0.000000
vt 0.492187 0.000000
vt 0.484378 0.000000
vt 0.000000 0.000000
vt 0.500000 0.000000
vt 0.492187 0.000000
vt 0.000000 0.000000
vt 0.507813 0.000000
vt 0.500000 0.000000
vt 1.000000 0.000000
vt 0.515622 0.000000
vt 0.507813 0.000000
vt 1.000000 0.000000
vt 0.523435 0.000000
vt 0.515622 0.000000
vt 1.000000 0.000000
vt 0.531253 0.000000
vt 0.523435 0.000000
vt 1.000000 0.000000
vt 0.539060 0.000000
vt 0.531253 0.000000
vt 1.000000 0.000000
vt 0.546876 0.000000
vt 0.539060 0.000000
vt 1.000000 0.000000
vt 0.554688 0.000000
vt 0.546876 0.000000
vt 1.000000 0.000000
vt 0.562498 0.000000
vt 0.554688 0.000000
vt 1.000000 0.000000
vt 0.570314 0.000000
vt 0.562498 0.000000
vt 1.000000 0.000000
vt 0.578124 0.000000
vt 0.570314 0.000000
vt 1.000000 0.000000
vt 0.585939 0.000000
vt 0.578124 0.000000
vt 1.000000 0.000000
vt 0.593751 0.000000
vt 0.585939 0.000000
vt 1.000000 0.000000
vt 0.601564 0.000000
vt 0.593751 0.000000
vt 1.000000 0.000000
vt 0.609376 0.000000
vt 0.601564 0.000000
vt 1.000000 0.000000
vt 0.617188 0.000000
vt 0.609376 0.000000
vt 1.000000 0.000000
vt 0.625000 0.000000
vt 0.617188 0.000000
vt 1.000000 0.000000
vt 0.632812 0.000000
vt 0.625000 0.000000
vt 1.000000 0.000000
vt 0.640624 0.000000
vt 0.632812 0.000000
vt 1.000000 0.000000
vt 0.648436 0.000000
vt 0.640624 0.000000
vt 1.000000 0.000000
vt 0.656249 0.000000
vt 0.648436 0.000000
vt 1.000000 0.000000
vt 0.664061 0.000000
vt 0.656249 0.000000
vt 1.000000 0.000000
vt 0.671876 0.000000
vt 0.664061 0.000000
vt 1.000000 0.000000
vt 0.679686 0.000000
vt 0.671876 0.000000
vt 1.000000 0.000000
vt 0.687502 0.000000
vt 0.679686 0.000000
vt 1.000000 0.000000
vt 0.695312 0.000000
vt 0.687502 0.000000
vt 1.000000 0.000000
vt 0.703124 0.000000
vt 0.695312 0.000000
vt 1.000000 0.000000
vt 0.710940 0.000000
vt 0.703124 0.000000
vt 1.000000 0.000000
vt 0.718747 0.000000
vt 0.710940 0.000000
vt 1.000000 0.000000
vt 0.726565 0.000000
vt 0.718747 0.000000
vt 1.000000 0.000000
vt 0.734378 0.000000
vt 0.726565 0.000000
vt 1.000000 0.000000
vt 0.742187 0.000000
vt 0.734378 0.000000
vt 1.000000 0.000000
vt 0.750000 0.000000
vt 0.742187 0.000000
vt 1.000000 0.000000
vt 0.757813 0.000000
vt 0.750000 0.000000
vt 1.000000 0.000000
vt 0.765622 0.000000
vt 0.757813 0.000000
vt 1.000000 0.000000
vt 0.773435 0.000000
vt 0.765622 0.000000
vt 1.000000 0.000000
vt 0.781253 0.000000
vt 0.773435 0.000000
vt 1.000000 0.000000
vt 0.789060 0.000000
vt 0.781253 0.000000
vt 1.000000 0.000000
vt 0.796876 0.000000
vt 0.789060 0.000000
vt 1.000000 0.000000
vt 0.804688 0.000000
vt 0.796876 0.000000
vt 1.000000 0.000000
vt 0.812498 0.000000
vt 0.804688 0.000000
vt 1.000000 0.000000
vt 0.820314 0.000000
vt 0.812498 0.000000
vt 1.000000 0.000000
vt 0.828124 0.000000
vt 0.820314 0.000000
vt 1.000000 0.000000
vt 0.835939 0.000000
vt 0.828124 0.000000
vt 1.000000 0.000000
vt 0.843751 0.000000
vt 0.835939 0.000000
vt 1.000000 0.000000
vt 0.851564 0.000000
vt 0.843751 0.000000
vt 1.000000 0.000000
vt 0.859376 0.000000
vt 0.851564 0.000000
vt 1.000000 0.000000
vt 0.867188 0.000000
vt 0.859376 0.000000
vt 1.000000 0.000000
vt 0.875000 0.000000
vt 0.867188 0.000000
vt 1.000000 0.000000
vt 0.882812 0.000000
vt 0.875000 0.000000
vt 1.000000 0.000000
vt 0.890624 0.000000
vt 0.882812 0.000000
vt 1.000000 0.000000
vt 0.898436 0.000000
vt 0.890624 0.000000
vt 1.000000 0.000000
vt 0.906249 0.000000
vt 0.898436 0.000000
vt 1.000000 0.000000
vt 0.914061 0.000000
vt 0.906249 0.000000
vt 1.000000 0.000000
vt 0.921876 0.000000
vt 0.914061 0.000000
vt 1.000000 0.000000
vt 0.929686 0.000000
vt 0.921876 0.000000
vt 1.000000 0.000000
vt 0.937502 0.000000
vt 0.929686 0.000000
vt 1.000000 0.000000
vt 0.945312 0.000000
vt 0.937502 0.000000
vt 1.000000 0.000000
vt 0.953124 0.000000
vt 0.945312 0.000000
vt 1.000000 0.000000
vt 0.960940 0.000000
vt 0.953124 0.000000
vt 1.000000 0.000000
vt 0.968747 0.000000
vt 0.960940 0.000000
vt 1.000000 0.000000
vt 0.976565 0.000000
vt 0.968747 0.000000
vt 1.000000 0.000000
vt 0.984378 0.000000
vt 0.976565 0.000000
vt 1.000000 0.000000
vt 0.992187 0.000000
vt 0.984378 0.000000
vt 1.000000 0.000000
vt 1.000000 0.000000
vt 0.992187 0.000000
vt 1.000000 0.000000
vt 0.000000 0.000000
vt 0.007813 0.000000
vt 0.007813 1.000000
vt 0.006867 1.000000
vt 0.000000 0.000000
vt 0.006867 1.000000
vt 0.000000 1.000000
vt 0.007813 0.000000
vt 0.015622 0.000000
vt 0.015626 1.000000
vt 0.014681 1.000000
vt 0.007813 0.000000
vt 0.014681 1.000000
vt 0.007813 1.000000
vt 0.015622 0.000000
vt 0.023435 0.000000
vt 0.023437 1.000000
vt 0.022493 1.000000
vt 0.015622 0.000000
vt 0.022493 1.000000
vt 0.015626 1.000000
vt 0.023435 0.000000
vt 0.031253 0.000000
vt 0.031249 1.000000
vt 0.030305 1.000000
vt 0.023435 0.000000
vt 0.030305 1.000000
vt 0.023437 1.000000
vt 0.031253 0.000000
vt 0.039060 0.000000
vt 0.039063 1.000000
vt 0.038117 1.000000
vt 0.031253 0.000000
vt 0.038117 1.000000
vt 0.031249 1.000000
vt 0.039060 0.000000
vt 0.046876 0.000000
vt 0.046876 1.000000
vt 0.045930 1.000000
vt 0.039060 0.000000
vt 0.045930 1.000000
vt 0.039063 1.000000
vt 0.046876 0.000000
vt 0.054688 0.000000
vt 0.054689 1.000000
vt 0.053742 1.000000
vt 0.046876 0.000000
vt 0.053742 1.000000
vt 0.046876 1.000000
vt 0.054688 0.000000
vt 0.062498 0.000000
vt 0.062500 1.000000
vt 0.061555 1.000000
vt 0.054688 0.000000
vt 0.061555 1.000000
vt 0.054689 1.000000
vt 0.062498 0.000000
vt 0.070314 0.000000
vt 0.070312 1.000000
vt 0.069369 1.000000
vt 0.062498 0.000000
vt 0.069369 1.000000
vt 0.062500 1.000000
vt 0.070314 0.000000
vt 0.078124 0.000000
vt 0.078125 1.000000
vt 0.077182 1.000000
vt 0.070314 0.000000
vt 0.077182 1.000000
vt 0.070312 1.000000
vt 0.078124 0.000000
vt 0.085939 0.000000
vt 0.085937 1.000000
vt 0.084993 1.000000
vt 0.078124 0.000000
vt 0.084993 1.000000
vt 0.078125 1.000000
vt 0.085939 0.000000
vt 0.093751 0.000000
vt 0.093752 1.000000
vt 0.092803 1.000000
vt 0.085939 0.000000
vt 0.092803 1.000000
vt 0.085937 1.000000
vt 0.093751 0.000000
vt 0.101564 0.000000
vt 0.101562 1.000000
vt 0.100617 1.000000
vt 0.093751 0.000000
vt 0.100617 1.000000
vt 0.093752 1.000000
vt 0.101564 0.000000
vt 0.109376 0.000000
vt 0.109375 1.000000
vt 0.108431 1.000000
vt 0.101564 0.000000
vt 0.108431 1.000000
vt 0.101562 1.000000
vt 0.109376 0.000000
vt 0.117188 0.000000
vt 0.117187 1.000000
vt 0.116240 1.000000
vt 0.109376 0.000000
vt 0.116240 1.000000
vt 0.109375 1.000000
vt 0.117188 0.000000
vt 0.125000 0.000000
vt 0.125000 1.000000
vt 0.124055 1.000000
vt 0.117188 0.000000
vt 0.124055 1.000000
vt 0.117187 1.000000
vt 0.125000 0.000000
vt 0.132812 0.000000
vt 0.132813 1.000000
vt 0.131868 1.000000
vt 0.125000 0.000000
vt 0.131868 1.000000
vt 0.125000 1.000000
vt 0.132812 0.000000
vt 0.140624 0.000000
vt 0.140625 1.000000
vt 0.139681 1.000000
vt 0.132812 0.000000
vt 0.139681 1.000000
vt 0.132813 1.000000
vt 0.140624 0.000000
vt 0.148436 0.000000
vt 0.148438 1.000000
vt 0.147494 1.000000
vt 0.140624 0.000000
vt 0.147494 1.000000
vt 0.140625 1.000000
vt 0.148436 0.000000
vt 0.156249 0.000000
vt 0.156248 1.000000
vt 0.155305 1.000000
vt 0.148436 0.000000
vt 0.155305 1.000000
vt 0.148438 1.000000
vt 0.156249 0.000000
vt 0.164061 0.000000
vt 0.164063 1.000000
vt 0.163116 1.000000
vt 0.156249 0.000000
vt 0.163116 1.000000
vt 0.156248 1.000000
vt 0.164061 0.000000
vt 0.171876 0.000000
vt 0.171875 1.000000
vt 0.170930 1.000000
vt 0.164061 0.000000
vt 0.170930 1.000000
vt 0.164063 1.000000
vt 0.171876 0.000000
vt 0.179686 0.000000
vt 0.179688 1.000000
vt 0.178742 1.000000
vt 0.171876 0.000000
vt 0.178742 1.000000
vt 0.171875 1.000000
vt 0.179686 0.000000
vt 0.187502 0.000000
vt 0.187500 1.000000
vt 0.186554 1.000000
vt 0.179686 0.000000
vt 0.186554 1.000000
vt 0.179688 1.000000
vt 0.187502 0.000000
vt 0.195312 0.000000
vt 0.195311 1.000000
vt 0.194366 1.000000
vt 0.187502 0.000000
vt 0.194366 1.000000
vt 0.187500 1.000000
vt 0.195312 0.000000
vt 0.203124 0.000000
vt 0.203124 1.000000
vt 0.202181 1.000000
vt 0.195312 0.000000
vt 0.202181 1.000000
vt 0.195311 1.000000
vt 0.203124 0.000000
vt 0.210940 0.000000
vt 0.210937 1.000000
vt 0.209992 1.000000
vt 0.203124 0.000000
vt 0.209992 1.000000
vt 0.203124 1.000000
vt 0.210940 0.000000
vt 0.218747 0.000000
vt 0.218751 1.000000
vt 0.217805 1.000000
vt 0.210940 0.000000
vt 0.217805 1.000000
vt 0.210937 1.000000
vt 0.218747 0.000000
vt 0.226565 0.000000
vt 0.226563 1.000000
vt 0.225618 1.000000
vt 0.218747 0.000000
vt 0.225618 1.000000
vt 0.218751 1.000000
vt 0.226565 0.000000
vt 0.234378 0.000000
vt 0.234374 1.000000
vt 0.233430 1.000000
vt 0.226565 0.000000
vt 0.233430 1.000000
vt 0.226563 1.000000
vt 0.234378 0.000000
vt 0.242187 0.000000
vt 0.242187 1.000000
vt 0.241243 1.000000
vt 0.234378 0.000000
vt 0.241243 1.000000
vt 0.234374 1.000000
vt 0.242187 0.000000
vt 0.250000 0.000000
vt 0.250000 1.000000
vt 0.249055 1.000000
vt 0.242187 0.000000
vt 0.249055 1.000000
vt 0.242187 1.000000
vt 0.250000 0.000000
vt 0.257813 0.000000
vt 0.257813 1.000000
vt 0.256867 1.000000
vt 0.250000 0.000000
vt 0.256867 1.000000
vt 0.250000 1.000000
vt 0.257813 0.000000
vt 0.265622 0.000000
vt 0.265626 1.000000
vt 0.264681 1.000000
vt 0.257813 0.000000
vt 0.264681 1.000000
vt 0.257813 1.000000
vt 0.265622 0.000000
vt 0.273435 0.000000
vt 0.273437 1.000000
vt 0.272493 1.000000
vt 0.265622 0.000000
vt 0.272493 1.000000
vt 0.265626 1.000000
vt 0.273435 0.000000
vt 0.281253 0.000000
vt 0.281249 1.000000
vt 0.280305 1.000000
vt 0.273435 0.000000
vt 0.280305 1.000000
vt 0.273437 1.000000
vt 0.281253 0.000000
vt 0.289060 0.000000
vt 0.289063 1.000000
vt 0.288117 1.000000
vt 0.281253 0.000000
vt 0.288117 1.000000
vt 0.281249 1.000000
vt 0.289060 0.000000
vt 0.296876 0.000000
vt 0.296876 1.000000
vt 0.295930 1.000000
vt 0.289060 0.000000
vt 0.295930 1.000000
vt 0.289063 1.000000
vt 0.296876 0.000000
vt 0.304688 0.000000
vt 0.304689 1.000000
vt 0.303742 1.000000
vt 0.296876 0.000000
vt 0.303742 1.000000
vt 0.296876 1.000000
vt 0.304688 0.000000
vt 0.312498 0.000000
vt 0.312500 1.000000
vt 0.311555 1.000000
vt 0.304688 0.000000
vt 0.311555 1.000000
vt 0.304689 1.000000
vt 0.312498 0.000000
vt 0.320314 0.000000
vt 0.320312 1.000000
vt 0.319369 1.000000
vt 0.312498 0.000000
vt 0.319369 1.000000
vt 0.312500 1.000000
vt 0.320314 0.000000
vt 0.328124 0.000000
vt 0.328125 1.000000
vt 0.327182 1.000000
vt 0.320314 0.000000
vt 0.327182 1.000000
vt 0.320312 1.000000
vt 0.328124 0.000000
vt 0.335939 0.000000
vt 0.335937 1.000000
vt 0.334993 1.000000
vt 0.328124 0.000000
vt 0.334993 1.000000
vt 0.328125 1.000000
vt 0.335939 0.000000
vt 0.343751 0.000000
vt 0.343752 1.000000
vt 0.342803 1.000000
vt 0.335939 0.000000
vt 0.342803 1.000000
vt 0.335937 1.000000
vt 0.343751 0.000000
vt 0.351564 0.000000
vt 0.351562 1.000000
vt 0.350617 1.000000
vt 0.343751 0.000000
vt 0.350617 1.000000
vt 0.343752 1.000000
vt 0.351564 0.000000
vt 0.359376 0.000000
vt 0.359375 1.000000
vt 0.358431 1.000000
vt 0.351564 0.000000
vt 0.358431 1.000000
vt 0.351562 1.000000
vt 0.359376 0.000000
vt 0.367188 0.000000
vt 0.367187 1.000000
vt 0.366240 1.000000
vt 0.359376 0.000000
vt 0.366240 1.000000
vt 0.359375 1.000000
vt 0.367188 0.000000
vt 0.375000 0.000000
vt 0.375000 1.000000
vt 0.374055 1.000000
vt 0.367188 0.000000
vt 0.374055 1.000000
vt 0.367187 1.000000
vt 0.375000 0.000000
vt 0.382812 0.000000
vt 0.382813 1.000000
vt 0.381868 1.000000
vt 0.375000 0.000000
vt 0.381868 1.000000
vt 0.375000 1.000000
vt 0.382812 0.000000
vt 0.390624 0.000000
vt 0.390625 1.000000
vt 0.389681 1.000000
vt 0.382812 0.000000
vt 0.389681 1.000000
vt 0.382813 1.000000
vt 0.390624 0.000000
vt 0.398436 0.000000
vt 0.398438 1.000000
vt 0.397494 1.000000
vt 0.390624 0.000000
vt 0.397494 1.000000
vt 0.390625 1.000000
vt 0.398436 0.000000
vt 0.406249 0.000000
vt 0.406248 1.000000
vt 0.405305 1.000000
vt 0.398436 0.000000
vt 0.405305 1.000000
vt 0.398438 1.000000
vt 0.406249 0.000000
vt 0.414061 0.000000
vt 0.414063 1.000000
vt 0.413116 1.000000
vt 0.406249 0.000000
vt 0.413116 1.000000
vt 0.406248 1.000000
vt 0.414061 0.000000
vt 0.421876 0.000000
vt 0.421875 1.000000
vt 0.420930 1.000000
vt 0.414061 0.000000
vt 0.420930 1.000000
vt 0.414063 1.000000
vt 0.421876 0.000000
vt 0.429686 0.000000
vt 0.429688 1.000000
vt 0.428742 1.000000
vt 0.421876 0.000000
vt 0.428742 1.000000
vt 0.421875 1.000000
vt 0.429686 0.000000
vt 0.437502 0.000000
vt 0.437500 1.000000
vt 0.436554 1.000000
vt 0.429686 0.000000
vt 0.436554 1.000000
vt 0.429688 1.000000
vt 0.437502 0.000000
vt 0.445312 0.000000
vt 0.445311 1.000000
vt 0.444366 1.000000
vt 0.437502 0.000000
vt 0.444366 1.000000
vt 0.437500 1.000000
vt 0.445312 0.000000
vt 0.453124 0.000000
vt 0.453124 1.000000
vt 0.452181 1.000000
vt 0.445312 0.000000
vt 0.452181 1.000000
vt 0.445311 1.000000
vt 0.453124 0.000000
vt 0.460940 0.000000
vt 0.460937 1.000000
vt 0.459992 1.000000
vt 0.453124 0.000000
vt 0.459992 1.000000
vt 0.453124 1.000000
vt 0.460940 0.000000
vt 0.468747 0.000000
vt 0.468751 1.000000
vt 0.467805 1.000000
vt 0.460940 0.000000
vt 0.467805 1.000000
vt 0.460937 1.000000
vt 0.468747 0.000000
vt 0.476565 0.000000
vt 0.476563 1.000000
vt 0.475618 1.000000
vt 0.468747 0.000000
vt 0.475618 1.000000
vt 0.468751 1.000000
vt 0.476565 0.000000
vt 0.484378 0.000000
vt 0.484374 1.000000
vt 0.483430 1.000000
vt 0.476565 0.000000
vt 0.483430 1.000000
vt 0.476563 1.000000
vt 0.484378 0.000000
vt 0.492187 0.000000
vt 0.492187 1.000000
vt 0.491243 1.000000
vt 0.484378 0.000000
vt 0.491243 1.000000
vt 0.484374 1.000000
vt 0.492187 0.000000
vt 0.500000 0.000000
vt 0.500000 1.000000
vt 0.499055 1.000000
vt 0.492187 0.000000
vt 0.499055 1.000000
vt 0.492187 1.000000
vt 0.500000 0.000000
vt 0.507813 0.000000
vt 0.507813 1.000000
vt 0.506867 1.000000
vt 0.500000 0.000000
vt 0.506867 1.000000
vt 0.500000 1.000000
vt 0.507813 0.000000
vt 0.515622 0.000000
vt 0.515626 1.000000
vt 0.514681 1.000000
vt 0.507813 0.000000
vt 0.514681 1.000000
vt 0.507813 1.000000
vt 0.515622 0.000000
vt 0.523435 0.000000
vt 0.523437 1.000000
vt 0.522493 1.000000
vt 0.515622 0.000000
vt 0.522493 1.000000
vt 0.515626 1.000000
vt 0.523435 0.000000
vt 0.531253 0.000000
vt 0.531249 1.000000
vt 0.530305 1.000000
vt 0.523435 0.000000
vt 0.530305 1.000000
vt 0.523437 1.000000
vt 0.531253 0.000000
vt 0.539060 0.000000
vt 0.539063 1.000000
vt 0.538117 1.000000
vt 0.531253 0.000000
vt 0.538117 1.000000
vt 0.531249 1.000000
vt 0.539060 0.000000
vt 0.546876 0.000000
vt 0.546876 1.000000
vt 0.545930 1.000000
vt 0.539060 0.000000
vt 0.545930 1.000000
vt 0.539063 1.000000
vt 0.546876 0.000000
vt 0.554688 0.000000
vt 0.554689 1.000000
vt 0.553742 1.000000
vt 0.546876 0.000000
vt 0.553742 1.000000
vt 0.546876 1.000000
vt 0.554688 0.000000
vt 0.562498 0.000000
vt 0.562500 1.000000
vt 0.561555 1.000000
vt 0.554688 0.000000
vt 0.561555 1.000000
vt 0.554689 1.000000
vt 0.562498 0.000000
vt 0.570314 0.000000
vt 0.570312 1.000000
vt 0.569369 1.000000
vt 0.562498 0.000000
vt 0.569369 1.000000
vt 0.562500 1.000000
vt 0.570314 0.000000
vt 0.578124 0.000000
vt 0.578125 1.000000
vt 0.577182 1.000000
vt 0.570314 0.000000
vt 0.577182 1.000000
vt 0.570312 1.000000
vt 0.578124 0.000000
vt 0.585939 0.000000
vt 0.585937 1.000000
vt 0.584993 1.000000
vt 0.578124 0.000000
vt 0.584993 1.000000
vt 0.578125 1.000000
vt 0.585939 0.000000
vt 0.593751 0.000000
vt 0.593752 1.000000
vt 0.592803 1.000000
vt 0.585939 0.000000
vt 0.592803 1.000000
vt 0.585937 1.000000
vt 0.593751 0.000000
vt 0.601564 0.000000
vt 0.601562 1.000000
vt 0.600617 1.000000
vt 0.593751 0.000000
vt 0.600617 1.000000
vt 0.593752 1.000000
vt 0.601564 0.000000
vt 0.609376 0.000000
vt 0.609375 1.000000
vt 0.608431 1.000000
vt 0.601564 0.000000
vt 0.608431 1.000000
vt 0.601562 1.000000
vt 0.609376 0.000000
vt 0.617188 0.000000
vt 0.617187 1.000000
vt 0.616240 1.000000
vt 0.609376 0.000000
vt 0.616240 1.000000
vt 0.609375 1.000000
vt 0.617188 0.000000
vt 0.625000 0.000000
vt 0.625000 1.000000
vt 0.624055 1.000000
vt 0.617188 0.000000
vt 0.624055 1.000000
vt 0.617187 1.000000
vt 0.625000 0.000000
vt 0.632812 0.000000
vt 0.632813 1.000000
vt 0.631868 1.000000
vt 0.625000 0.000000
vt 0.631868 1.000000
vt 0.625000 1.000000
vt 0.632812 0.000000
vt 0.640624 0.000000
vt 0.640625 1.000000
vt 0.639681 1.000000
vt 0.632812 0.000000
vt 0.639681 1.000000
vt 0.632813 1.000000
vt 0.640624 0.000000
vt 0.648436 0.000000
vt 0.648438 1.000000
vt 0.647494 1.000000
vt 0.640624 0.000000
vt 0.647494 1.000000
vt 0.640625 1.000000
vt 0.648436 0.000000
vt 0.656249 0.000000
vt 0.656248 1.000000
vt 0.655305 1.000000
vt 0.648436 0.000000
vt 0.655305 1.000000
vt 0.648438 1.000000
vt 0.656249 0.000000
vt 0.664061 0.000000
vt 0.664063 1.000000
vt 0.663116 1.000000
vt 0.656249 0.000000
vt 0.663116 1.000000
vt 0.656248 1.000000
vt 0.664061 0.000000
vt 0.671876 0.000000
vt 0.671875 1.000000
vt 0.670930 1.000000
vt 0.664061 0.000000
vt 0.670930 1.000000
vt 0.664063 1.000000
vt 0.671876 0.000000
vt 0.679686 0.000000
vt 0.679688 1.000000
vt 0.678742 1.000000
vt 0.671876 0.000000
vt 0.678742 1.000000
vt 0.671875 1.000000
vt 0.679686 0.000000
vt 0.687502 0.000000
vt 0.687500 1.000000
vt 0.686554 1.000000
vt 0.679686 0.000000
vt 0.686554 1.000000
vt 0.679688 1.000000
vt 0.687502 0.000000
vt 0.695312 0.000000
vt 0.695311 1.000000
vt 0.694366 1.000000
vt 0.687502 0.000000
vt 0.694366 1.000000
vt 0.687500 1.000000
vt 0.695312 0.000000
vt 0.703124 0.000000
vt 0.703124 1.000000
vt 0.702181 1.000000
vt 0.695312 0.000000
vt 0.702181 1.000000
vt 0.695311 1.000000
vt 0.703124 0.000000
vt 0.710940 0.000000
vt 0.710937 1.000000
vt 0.709992 1.000000
vt 0.703124 0.000000
vt 0.709992 1.000000
vt 0.703124 1.000000
vt 0.710940 0.000000
vt 0.718747 0.000000
vt 0.718751 1.000000
vt 0.717805 1.000000
vt 0.710940 0.000000
vt 0.717805 1.000000
vt 0.710937 1.000000
vt 0.718747 0.000000
vt 0.726565 0.000000
vt 0.726563 1.000000
vt 0.725618 1.000000
vt 0.718747 0.000000
vt 0.725618 1.000000
vt 0.718751 1.000000
vt 0.726565 0.000000
vt 0.734378 0.000000
vt 0.734374 1.000000
vt 0.733430 1.000000
vt 0.726565 0.000000
vt 0.733430 1.000000
vt 0.726563 1.000000
vt 0.734378 0.000000
vt 0.742187 0.000000
vt 0.742187 1.000000
vt 0.741243 1.000000
vt 0.734378 0.000000
vt 0.741243 1.000000
vt 0.734374 1.000000
vt 0.742187 0.000000
vt 0.750000 0.000000
vt 0.750000 1.000000
vt 0.749055 1.000000
vt 0.742187 0.000000
vt 0.749055 1.000000
vt 0.742187 1.000000
vt 0.750000 0.000000
vt 0.757813 0.000000
vt 0.757813 1.000000
vt 0.756867 1.000000
vt 0.750000 0.000000
vt 0.756867 1.000000
vt 0.750000 1.000000
vt 0.757813 0.000000
vt 0.765622 0.000000
vt 0.765626 1.000000
vt 0.764681 1.000000
vt 0.757813 0.000000
vt 0.764681 1.000000
vt 0.757813 1.000000
vt 0.765622 0.000000
vt 0.773435 0.000000
vt 0.773437 1.000000
vt 0.772493 1.000000
vt 0.765622 0.000000
vt 0.772493 1.000000
vt 0.765626 1.000000
vt 0.773435 0.000000
vt 0.781253 0.000000
vt 0.781249 1.000000
vt 0.780305 1.000000
vt 0.773435 0.000000
vt 0.780305 1.000000
vt 0.773437 1.000000
vt 0.781253 0.000000
vt 0.789060 0.000000
vt 0.789063 1.000000
vt 0.788117 1.000000
vt 0.781253 0.000000
vt 0.788117 1.000000
vt 0.781249 1.000000
vt 0.789060 0.000000
vt 0.796876 0.000000
vt 0.796876 1.000000
vt 0.795930 1.000000
vt 0.789060 0.000000
vt 0.795930 1.000000
vt 0.789063 1.000000
vt 0.796876 0.000000
vt 0.804688 0.000000
vt 0.804689 1.000000
vt 0.803742 1.000000
vt 0.796876 0.000000
vt 0.803742 1.000000
vt 0.796876 1.000000
vt 0.804688 0.000000
vt 0.812498 0.000000
vt 0.812500 1.000000
vt 0.811555 1.000000
vt 0.804688 0.000000
vt 0.811555 1.000000
vt 0.804689 1.000000
vt 0.812498 0.000000
vt 0.820314 0.000000
vt 0.820312 1.000000
vt 0.819369 1.000000
vt 0.812498 0.000000
vt 0.819369 1.000000
vt 0.812500 1.000000
vt 0.820314 0.000000
vt 0.828124 0.000000
vt 0.828125 1.000000
vt 0.827182 1.000000
vt 0.820314 0.000000
vt 0.827182 1.000000
vt 0.820312 1.000000
vt 0.828124 0.000000
vt 0.835939 0.000000
vt 0.835937 1.000000
vt 0.834993 1.000000
vt 0.828124 0.000000
vt 0.834993 1.000000
vt 0.828125 1.000000
vt 0.835939 0.000000
vt 0.843751 0.000000
vt 0.843752 1.000000
vt 0.842803 1.000000
vt 0.835939 0.000000
vt 0.842803 1.000000
vt 0.835937 1.000000
vt 0.843751 0.000000
vt 0.851564 0.000000
vt 0.851562 1.000000
vt 0.850617 1.000000
vt 0.843751 0.000000
vt 0.850617 1.000000
vt 0.843752 1.000000
vt 0.851564 0.000000
vt 0.859376 0.000000
vt 0.859375 1.000000
vt 0.858431 1.000000
vt 0.851564 0.000000
vt 0.858431 1.000000
vt 0.851562 1.000000
vt 0.859376 0.000000
vt 0.867188 0.000000
vt 0.867187 1.000000
vt 0.866240 1.000000
vt 0.859376 0.000000
vt 0.866240 1.000000
vt 0.859375 1.000000
vt 0.867188 0.000000
vt 0.875000 0.000000
vt 0.875000 1.000000
vt 0.874055 1.000000
vt 0.867188 0.000000
vt 0.874055 1.000000
vt 0.867187 1.000000
vt 0.875000 0.000000
vt 0.882812 0.000000
vt 0.882813 1.000000
vt 0.881868 1.000000
vt 0.875000 0.000000
vt 0.881868 1.000000
vt 0.875000 1.000000
vt 0.882812 0.000000
vt 0.890624 0.000000
vt 0.890625 1.000000
vt 0.889681 1.000000
vt 0.882812 0.000000
vt 0.889681 1.000000
vt 0.882813 1.000000
vt 0.890624 0.000000
vt 0.898436 0.000000
vt 0.898438 1.000000
vt 0.897494 1.000000
vt 0.890624 0.000000
vt 0.897494 1.000000
vt 0.890625 1.000000
vt 0.898436 0.000000
vt 0.906249 0.000000
vt 0.906248 1.000000
vt 0.905305 1.000000
vt 0.898436 0.000000
vt 0.905305 1.000000
vt 0.898438 1.000000
vt 0.906249 0.000000
vt 0.914061 0.000000
vt 0.914063 1.000000
vt 0.913116 1.000000
vt 0.906249 0.000000
vt 0.913116 1.000000
vt 0.906248 1.000000
vt 0.914061 0.000000
vt 0.921876 0.000000
vt 0.921875 1.000000
vt 0.920930 1.000000
vt 0.914061 0.000000
vt 0.920930 1.000000
vt 0.914063 1.000000
vt 0.921876 0.000000
vt 0.929686 0.000000
vt 0.929688 1.000000
vt 0.928742 1.000000
vt 0.921876 0.000000
vt 0.928742 1.000000
vt 0.921875 1.000000
vt 0.929686 0.000000
vt 0.937502 0.000000
vt 0.937500 1.000000
vt 0.936554 1.000000
vt 0.929686 0.000000
vt 0.936554 1.000000
vt 0.929688 1.000000
vt 0.937502 0.000000
vt 0.945312 0.000000
vt 0.945311 1.000000
vt 0.944366 1.000000
vt 0.937502 0.000000
vt 0.944366 1.000000
vt 0.937500 1.000000
vt 0.945312 0.000000
vt 0.953124 0.000000
vt 0.953124 1.000000
vt 0.952181 1.000000
vt 0.945312 0.000000
vt 0.952181 1.000000
vt 0.945311 1.000000
vt 0.953124 0.000000
vt 0.960940 0.000000
vt 0.960937 1.000000
vt 0.959992 1.000000
vt 0.953124 0.000000
vt 0.959992 1.000000
vt 0.953124 1.000000
vt 0.960940 0.000000
vt 0.968747 0.000000
vt 0.968751 1.000000
vt 0.967805 1.000000
vt 0.960940 0.000000
vt 0.967805 1.000000
vt 0.960937 1.000000
vt 0.968747 0.000000
vt 0.976565 0.000000
vt 0.976563 1.000000
vt 0.975618 1.000000
vt 0.968747 0.000000
vt 0.975618 1.000000
vt 0.968751 1.000000
vt 0.976565 0.000000
vt 0.984378 0.000000
vt 0.984374 1.000000
vt 0.983430 1.000000
vt 0.976565 0.000000
vt 0.983430 1.000000
vt 0.976563 1.000000
vt 0.984378 0.000000
vt 0.992187 0.000000
vt 0.992187 1.000000
vt 0.991243 1.000000
vt 0.984378 0.000000
vt 0.991243 1.000000
vt 0.984374 1.000000
vt 0.992187 0.000000
vt 1.000000 0.000000
vt 1.000000 1.000000
vt 0.999055 1.000000
vt 0.992187 0.000000
vt 0.999055 1.000000
vt 0.992187 1.000000
vt 0.007812 1.000000
vt 0.007812 0.017699
vt 0.000945 1.000000
vt 0.000945 1.000000
vt 0.007812 0.017699
vt 0.000000 0.017699
vt 0.000000 1.000000
vt 0.015623 1.000000
vt 0.015624 0.017699
vt 0.008756 1.000000
vt 0.008756 1.000000
vt 0.015624 0.017699
vt 0.007812 0.017699
vt 0.007812 1.000000
vt 0.023436 1.000000
vt 0.023438 0.017699
vt 0.016568 1.000000
vt 0.016568 1.000000
vt 0.023438 0.017699
vt 0.015624 0.017699
vt 0.015623 1.000000
vt 0.031250 1.000000
vt 0.031248 0.017699
vt 0.024379 1.000000
vt 0.024379 1.000000
vt 0.031248 0.017699
vt 0.023438 0.017699
vt 0.023436 1.000000
vt 0.039062 1.000000
vt 0.039065 0.017699
vt 0.032193 1.000000
vt 0.032193 1.000000
vt 0.039065 0.017699
vt 0.031248 0.017699
vt 0.031250 1.000000
vt 0.046875 1.000000
vt 0.046877 0.017699
vt 0.040005 1.000000
vt 0.040005 1.000000
vt 0.046877 0.017699
vt 0.039065 0.017699
vt 0.039062 1.000000
vt 0.054689 1.000000
vt 0.054687 0.017699
vt 0.047820 1.000000
vt 0.047820 1.000000
vt 0.054687 0.017699
vt 0.046877 0.017699
vt 0.046875 1.000000
vt 0.062499 1.000000
vt 0.062497 0.017699
vt 0.055630 1.000000
vt 0.055630 1.000000
vt 0.062497 0.017699
vt 0.054687 0.017699
vt 0.054689 1.000000
vt 0.070313 1.000000
vt 0.070310 0.017699
vt 0.063442 1.000000
vt 0.063442 1.000000
vt 0.070310 0.017699
vt 0.062497 0.017699
vt 0.062499 1.000000
vt 0.078125 1.000000
vt 0.078123 0.017699
vt 0.071257 1.000000
vt 0.071257 1.000000
vt 0.078123 0.017699
vt 0.070310 0.017699
vt 0.070313 1.000000
vt 0.085936 1.000000
vt 0.085941 0.017699
vt 0.079068 1.000000
vt 0.079068 1.000000
vt 0.085941 0.017699
vt 0.078123 0.017699
vt 0.078125 1.000000
vt 0.093749 1.000000
vt 0.093750 0.017699
vt 0.086881 1.000000
vt 0.086881 1.000000
vt 0.093750 0.017699
vt 0.085941 0.017699
vt 0.085936 1.000000
vt 0.101561 1.000000
vt 0.101563 0.017699
vt 0.094694 1.000000
vt 0.094694 1.000000
vt 0.101563 0.017699
vt 0.093750 0.017699
vt 0.093749 1.000000
vt 0.109377 1.000000
vt 0.109375 0.017699
vt 0.102505 1.000000
vt 0.102505 1.000000
vt 0.109375 0.017699
vt 0.101563 0.017699
vt 0.101561 1.000000
vt 0.117188 1.000000
vt 0.117189 0.017699
vt 0.110318 1.000000
vt 0.110318 1.000000
vt 0.117189 0.017699
vt 0.109375 0.017699
vt 0.109377 1.000000
vt 0.125000 1.000000
vt 0.125000 0.017699
vt 0.118130 1.000000
vt 0.118130 1.000000
vt 0.125000 0.017699
vt 0.117189 0.017699
vt 0.117188 1.000000
vt 0.132812 1.000000
vt 0.132811 0.017699
vt 0.125942 1.000000
vt 0.125942 1.000000
vt 0.132811 0.017699
vt 0.125000 0.017699
vt 0.125000 1.000000
vt 0.140623 1.000000
vt 0.140625 0.017699
vt 0.133757 1.000000
vt 0.133757 1.000000
vt 0.140625 0.017699
vt 0.132811 0.017699
vt 0.132812 1.000000
vt 0.148439 1.000000
vt 0.148437 0.017699
vt 0.141569 1.000000
vt 0.141569 1.000000
vt 0.148437 0.017699
vt 0.140625 0.017699
vt 0.140623 1.000000
vt 0.156251 1.000000
vt 0.156250 0.017699
vt 0.149380 1.000000
vt 0.149380 1.000000
vt 0.156250 0.017699
vt 0.148437 0.017699
vt 0.148439 1.000000
vt 0.164064 1.000000
vt 0.164059 0.017699
vt 0.157195 1.000000
vt 0.157195 1.000000
vt 0.164059 0.017699
vt 0.156250 0.017699
vt 0.156251 1.000000
vt 0.171875 1.000000
vt 0.171877 0.017699
vt 0.165007 1.000000
vt 0.165007 1.000000
vt 0.171877 0.017699
vt 0.164059 0.017699
vt 0.164064 1.000000
vt 0.179687 1.000000
vt 0.179690 0.017699
vt 0.172819 1.000000
vt 0.172819 1.000000
vt 0.179690 0.017699
vt 0.171877 0.017699
vt 0.171875 1.000000
vt 0.187501 1.000000
vt 0.187503 0.017699
vt 0.180633 1.000000
vt 0.180633 1.000000
vt 0.187503 0.017699
vt 0.179690 0.017699
vt 0.179687 1.000000
vt 0.195311 1.000000
vt 0.195313 0.017699
vt 0.188445 1.000000
vt 0.188445 1.000000
vt 0.195313 0.017699
vt 0.187503 0.017699
vt 0.187501 1.000000
vt 0.203125 1.000000
vt 0.203123 0.017699
vt 0.196256 1.000000
vt 0.196256 1.000000
vt 0.203123 0.017699
vt 0.195313 0.017699
vt 0.195311 1.000000
vt 0.210938 1.000000
vt 0.210935 0.017699
vt 0.204068 1.000000
vt 0.204068 1.000000
vt 0.210935 0.017699
vt 0.203123 0.017699
vt 0.203125 1.000000
vt 0.218750 1.000000
vt 0.218752 0.017699
vt 0.211882 1.000000
vt 0.211882 1.000000
vt 0.218752 0.017699
vt 0.210935 0.017699
vt 0.210938 1.000000
vt 0.226564 1.000000
vt 0.226562 0.017699
vt 0.219694 1.000000
vt 0.219694 1.000000
vt 0.226562 0.017699
vt 0.218752 0.017699
vt 0.218750 1.000000
vt 0.234377 1.000000
vt 0.234376 0.017699
vt 0.227508 1.000000
vt 0.227508 1.000000
vt 0.234376 0.017699
vt 0.226562 0.017699
vt 0.226564 1.000000
vt 0.242188 1.000000
vt 0.242188 0.017699
vt 0.235320 1.000000
vt 0.235320 1.000000
vt 0.242188 0.017699
vt 0.234376 0.017699
vt 0.234377 1.000000
vt 0.250000 1.000000
vt 0.250000 0.017699
vt 0.243133 1.000000
vt 0.243133 1.000000
vt 0.250000 0.017699
vt 0.242188 0.017699
vt 0.242188 1.000000
vt 0.257812 1.000000
vt 0.257812 0.017699
vt 0.250945 1.000000
vt 0.250945 1.000000
vt 0.257812 0.017699
vt 0.250000 0.017699
vt 0.250000 1.000000
vt 0.265623 1.000000
vt 0.265624 0.017699
vt 0.258756 1.000000
vt 0.258756 1.000000
vt 0.265624 0.017699
vt 0.257812 0.017699
vt 0.257812 1.000000
vt 0.273436 1.000000
vt 0.273438 0.017699
vt 0.266568 1.000000
vt 0.266568 1.000000
vt 0.273438 0.017699
vt 0.265624 0.017699
vt 0.265623 1.000000
vt 0.281250 1.000000
vt 0.281248 0.017699
vt 0.274379 1.000000
vt 0.274379 1.000000
vt 0.281248 0.017699
vt 0.273438 0.017699
vt 0.273436 1.000000
vt 0.289062 1.000000
vt 0.289065 0.017699
vt 0.282193 1.000000
vt 0.282193 1.000000
vt 0.289065 0.017699
vt 0.281248 0.017699
vt 0.281250 1.000000
vt 0.296875 1.000000
vt 0.296877 0.017699
vt 0.290005 1.000000
vt 0.290005 1.000000
vt 0.296877 0.017699
vt 0.289065 0.017699
vt 0.289062 1.000000
vt 0.304689 1.000000
vt 0.304687 0.017699
vt 0.297820 1.000000
vt 0.297820 1.000000
vt 0.304687 0.017699
vt 0.296877 0.017699
vt 0.296875 1.000000
vt 0.312499 1.000000
vt 0.312497 0.017699
vt 0.305630 1.000000
vt 0.305630 1.000000
vt 0.312497 0.017699
vt 0.304687 0.017699
vt 0.304689 1.000000
vt 0.320313 1.000000
vt 0.320310 0.017699
vt 0.313442 1.000000
vt 0.313442 1.000000
vt 0.320310 0.017699
vt 0.312497 0.017699
vt 0.312499 1.000000
vt 0.328125 1.000000
vt 0.328123 0.017699
vt 0.321257 1.000000
vt 0.321257 1.000000
vt 0.328123 0.017699
vt 0.320310 0.017699
vt 0.320313 1.000000
vt 0.335936 1.000000
vt 0.335941 0.017699
vt 0.329068 1.000000
vt 0.329068 1.000000
vt 0.335941 0.017699
vt 0.328123 0.017699
vt 0.328125 1.000000
vt 0.343749 1.000000
vt 0.343750 0.017699
vt 0.336881 1.000000
vt 0.336881 1.000000
vt 0.343750 0.017699
vt 0.335941 0.017699
vt 0.335936 1.000000
vt 0.351561 1.000000
vt 0.351563 0.017699
vt 0.344694 1.000000
vt 0.344694 1.000000
vt 0.351563 0.017699
vt 0.343750 0.017699
vt 0.343749 1.000000
vt 0.359377 1.000000
vt 0.359375 0.017699
vt 0.352505 1.000000
vt 0.352505 1.000000
vt 0.359375 0.017699
vt 0.351563 0.017699
vt 0.351561 1.000000
vt 0.367188 1.000000
vt 0.367189 0.017699
vt 0.360318 1.000000
vt 0.360318 1.000000
vt 0.367189 0.017699
vt 0.359375 0.017699
vt 0.359377 1.000000
vt 0.375000 1.000000
vt 0.375000 0.017699
vt 0.368130 1.000000
vt 0.368130 1.000000
vt 0.375000 0.017699
vt 0.367189 0.017699
vt 0.367188 1.000000
vt 0.382812 1.000000
vt 0.382811 0.017699
vt 0.375942 1.000000
vt 0.375942 1.000000
vt 0.382811 0.017699
vt 0.375000 0.017699
vt 0.375000 1.000000
vt 0.390623 1.000000
vt 0.390625 0.017699
vt 0.383757 1.000000
vt 0.383757 1.000000
vt 0.390625 0.017699
vt 0.382811 0.017699
vt 0.382812 1.000000
vt 0.398439 1.000000
vt 0.398437 0.017699
vt 0.391569 1.000000
vt 0.391569 1.000000
vt 0.398437 0.017699
vt 0.390625 0.017699
vt 0.390623 1.000000
vt 0.406251 1.000000
vt 0.406250 0.017699
vt 0.399380 1.000000
vt 0.399380 1.000000
vt 0.406250 0.017699
vt 0.398437 0.017699
vt 0.398439 1.000000
vt 0.414064 1.000000
vt 0.414059 0.017699
vt 0.407195 1.000000
vt 0.407195 1.000000
vt 0.414059 0.017699
vt 0.406250 0.017699
vt 0.406251 1.000000
vt 0.421875 1.000000
vt 0.421877 0.017699
vt 0.415007 1.000000
vt 0.415007 1.000000
vt 0.421877 0.017699
vt 0.414059 0.017699
vt 0.414064 1.000000
vt 0.429687 1.000000
vt 0.429690 0.017699
vt 0.422819 1.000000
vt 0.422819 1.000000
vt 0.429690 0.017699
vt 0.421877 0.017699
vt 0.421875 1.000000
vt 0.437501 1.000000
vt 0.437503 0.017699
vt 0.430633 1.000000
vt 0.430633 1.000000
vt 0.437503 0.017699
vt 0.429690 0.017699
vt 0.429687 1.000000
vt 0.445311 1.000000
vt 0.445313 0.017699
vt 0.438445 1.000000
vt 0.438445 1.000000
vt 0.445313 0.017699
vt 0.437503 0.017699
vt 0.437501 1.000000
vt 0.453125 1.000000
vt 0.453123 0.017699
vt 0.446256 1.000000
vt 0.446256 1.000000
vt 0.453123 0.017699
vt 0.445313 0.017699
vt 0.445311 1.000000
vt 0.460938 1.000000
vt 0.460935 0.017699
vt 0.454068 1.000000
vt 0.454068 1.000000
vt 0.460935 0.017699
vt 0.453123 0.017699
vt 0.453125 1.000000
vt 0.468750 1.000000
vt 0.468752 0.017699
vt 0.461882 1.000000
vt 0.461882 1.000000
vt 0.468752 0.017699
vt 0.460935 0.017699
vt 0.460938 1.000000
vt 0.476564 1.000000
vt 0.476562 0.017699
vt 0.469694 1.000000
vt 0.469694 1.000000
vt 0.476562 0.017699
vt 0.468752 0.017699
vt 0.468750 1.000000
vt 0.484377 1.000000
vt 0.484376 0.017699
vt 0.477508 1.000000
vt 0.477508 1.000000
vt 0.484376 0.017699
vt 0.476562 0.017699
vt 0.476564 1.000000
vt 0.492188 1.000000
vt 0.492188 0.017699
vt 0.485320 1.000000
vt 0.485320 1.000000
vt 0.492188 0.017699
vt 0.484376 0.017699
vt 0.484377 1.000000
vt 0.500000 1.000000
vt 0.500000 0.017699
vt 0.493133 1.000000
vt 0.493133 1.000000
vt 0.500000 0.017699
vt 0.492188 0.017699
vt 0.492188 1.000000
vt 0.507812 1.000000
vt 0.507812 0.017699
vt 0.500945 1.000000
vt 0.500945 1.000000
vt 0.507812 0.017699
vt 0.500000 0.017699
vt 0.500000 1.000000
vt 0.515623 1.000000
vt 0.515624 0.017699
vt 0.508756 1.000000
vt 0.508756 1.000000
vt 0.515624 0.017699
vt 0.507812 0.017699
vt 0.507812 1.000000
vt 0.523436 1.000000
vt 0.523438 0.017699
vt 0.516568 1.000000
vt 0.516568 1.000000
vt 0.523438 0.017699
vt 0.515624 0.017699
vt 0.515623 1.000000
vt 0.531250 1.000000
vt 0.531248 0.017699
vt 0.524379 1.000000
vt 0.524379 1.000000
vt 0.531248 0.017699
vt 0.523438 0.017699
vt 0.523436 1.000000
vt 0.539062 1.000000
vt 0.539065 0.017699
vt 0.532193 1.000000
vt 0.532193 1.000000
vt 0.539065 0.017699
vt 0.531248 0.017699
vt 0.531250 1.000000
vt 0.546875 1.000000
vt 0.546877 0.017699
vt 0.540005 1.000000
vt 0.540005 1.000000
vt 0.546877 0.017699
vt 0.539065 0.017699
vt 0.539062 1.000000
vt 0.554689 1.000000
vt 0.554687 0.017699
vt 0.547820 1.000000
vt 0.547820 1.000000
vt 0.554687 0.017699
vt 0.546877 0.017699
vt 0.546875 1.000000
vt 0.562499 1.000000
vt 0.562497 0.017699
vt 0.555630 1.000000
vt 0.555630 1.000000
vt 0.562497 0.017699
vt 0.554687 0.017699
vt 0.554689 1.000000
vt 0.570313 1.000000
vt 0.570310 0.017699
vt 0.563442 1.000000
vt 0.563442 1.000000
vt 0.570310 0.017699
vt 0.562497 0.017699
vt 0.562499 1.000000
vt 0.578125 1.000000
vt 0.578123 0.017699
vt 0.571257 1.000000
vt 0.571257 1.000000
vt 0.578123 0.017699
vt 0.570310 0.017699
vt 0.570313 1.000000
vt 0.585936 1.000000
vt 0.585941 0.017699
vt 0.579068 1.000000
vt 0.579068 1.000000
vt 0.585941 0.017699
vt 0.578123 0.017699
vt 0.578125 1.000000
vt 0.593749 1.000000
vt 0.593750 0.017699
vt 0.586881 1.000000
vt 0.586881 1.000000
vt 0.593750 0.017699
vt 0.585941 0.017699
vt 0.585936 1.000000
vt 0.601561 1.000000
vt 0.601563 0.017699
vt 0.594694 1.000000
vt 0.594694 1.000000
vt 0.601563 0.017699
vt 0.593750 0.017699
vt 0.593749 1.000000
vt 0.609377 1.000000
vt 0.609375 0.017699
vt 0.602505 1.000000
vt 0.602505 1.000000
vt 0.609375 0.017699
vt 0.601563 0.017699
vt 0.601561 1.000000
vt 0.617188 1.000000
vt 0.617189 0.017699
vt 0.610318 1.000000
vt 0.610318 1.000000
vt 0.617189 0.017699
vt 0.609375 0.017699
vt 0.609377 1.000000
vt 0.625000 1.000000
vt 0.625000 0.017699
vt 0.618130 1.000000
vt 0.618130 1.000000
vt 0.625000 0.017699
vt 0.617189 0.017699
vt 0.617188 1.000000
vt 0.632812 1.000000
vt 0.632811 0.017699
vt 0.625942 1.000000
vt 0.625942 1.000000
vt 0.632811 0.017699
vt 0.625000 0.017699
vt 0.625000 1.000000
vt 0.640623 1.000000
vt 0.640625 0.017699
vt 0.633757 1.000000
vt 0.633757 1.000000
vt 0.640625 0.017699
vt 0.632811 0.017699
vt 0.632812 1.000000
vt 0.648439 1.000000
vt 0.648437 0.017699
vt 0.641569 1.000000
vt 0.641569 1.000000
vt 0.648437 0.017699
vt 0.640625 0.017699
vt 0.640623 1.000000
vt 0.656251 1.000000
vt 0.656250 0.017699
vt 0.649380 1.000000
vt 0.649380 1.000000
vt 0.656250 0.017699
vt 0.648437 0.017699
vt 0.648439 1.000000
vt 0.664064 1.000000
vt 0.664059 0.017699
vt 0.657195 1.000000
vt 0.657195 1.000000
vt 0.664059 0.017699
vt 0.656250 0.017699
vt 0.656251 1.000000
vt 0.671875 1.000000
vt 0.671877 0.017699
vt 0.665007 1.000000
vt 0.665007 1.000000
vt 0.671877 0.017699
vt 0.664059 0.017699
vt 0.664064 1.000000
vt 0.679687 1.000000
vt 0.679690 0.017699
vt 0.672819 1.000000
vt 0.672819 1.000000
vt 0.679690 0.017699
vt 0.671877 0.017699
vt 0.671875 1.000000
vt 0.687501 1.000000
vt 0.687503 0.017699
vt 0.680633 1.000000
vt 0.680633 1.000000
vt 0.687503 0.017699
vt 0.679690 0.017699
vt 0.679687 1.000000
vt 0.695311 1.000000
vt 0.695313 0.017699
vt 0.688445 1.000000
vt 0.688445 1.000000
vt 0.695313 0.017699
vt 0.687503 0.017699
vt 0.687501 1.000000
vt 0.703125 1.000000
vt 0.703123 0.017699
vt 0.696256 1.000000
vt 0.696256 1.000000
vt 0.703123 0.017699
vt 0.695313 0.017699
vt 0.695311 1.000000
vt 0.710938 1.000000
vt 0.710935 0.017699
vt 0.704068 1.000000
vt 0.704068 1.000000
vt 0.710935 0.017699
vt 0.703123 0.017699
vt 0.703125 1.000000
vt 0.718750 1.000000
vt 0.718752 0.017699
vt 0.711882 1.000000
vt 0.711882 1.000000
vt 0.718752 0.017699
vt 0.710935 0.017699
vt 0.710938 1.000000
vt 0.726564 1.000000
vt 0.726562 0.017699
vt 0.719694 1.000000
vt 0.719694 1.000000
vt 0.726562 0.017699
vt 0.718752 0.017699
vt 0.718750 1.000000
vt 0.734377 1.000000
vt 0.734376 0.017699
vt 0.727508 1.000000
vt 0.727508 1.000000
vt 0.734376 0.017699
vt 0.726562 0.017699
vt 0.726564 1.000000
vt 0.742188 1.000000
vt 0.742188 0.017699
vt 0.735320 1.000000
vt 0.735320 1.000000
vt 0.742188 0.017699
vt 0.734376 0.017699
vt 0.734377 1.000000
vt 0.750000 1.000000
vt 0.750000 0.017699
vt 0.743133 1.000000
vt 0.743133 1.000000
vt 0.750000 0.017699
vt 0.742188 0.017699
vt 0.742188 1.000000
vt 0.757812 1.000000
vt 0.757812 0.017699
vt 0.750945 1.000000
vt 0.750945 1.000000
vt 0.757812 0.017699
vt 0.750000 0.017699
vt 0.750000 1.000000
vt 0.765623 1.000000
vt 0.765624 0.017699
vt 0.758756 1.000000
vt 0.758756 1.000000
vt 0.765624 0.017699
vt 0.757812 0.017699
vt 0.757812 1.000000
vt 0.773436 1.000000
vt 0.773438 0.017699
vt 0.766568 1.000000
vt 0.766568 1.000000
vt 0.773438 0.017699
vt 0.765624 0.017699
vt 0.765623 1.000000
vt 0.781250 1.000000
vt 0.781248 0.017699
vt 0.774379 1.000000
vt 0.774379 1.000000
vt 0.781248 0.017699
vt 0.773438 0.017699
vt 0.773436 1.000000
vt 0.789062 1.000000
vt 0.789065 0.017699
vt 0.782193 1.000000
vt 0.782193 1.000000
vt 0.789065 0.017699
vt 0.781248 0.017699
vt 0.781250 1.000000
vt 0.796875 1.000000
vt 0.796877 0.017699
vt 0.790005 1.000000
vt 0.790005 1.000000
vt 0.796877 0.017699
vt 0.789065 0.017699
vt 0.789062 1.000000
vt 0.804689 1.000000
vt 0.804687 0.017699
vt 0.797820 1.000000
vt 0.797820 1.000000
vt 0.804687 0.017699
vt 0.796877 0.017699
vt 0.796875 1.000000
vt 0.812499 1.000000
vt 0.812497 0.017699
vt 0.805630 1.000000
vt 0.805630 1.000000
vt 0.812497 0.017699
vt 0.804687 0.017699
vt 0.804689 1.000000
vt 0.820313 1.000000
vt 0.820310 0.017699
vt 0.813442 1.000000
vt 0.813442 1.000000
vt 0.820310 0.017699
vt 0.812497 0.017699
vt 0.812499 1.000000
vt 0.828125 1.000000
vt 0.828123 0.017699
vt 0.821257 1.000000
vt 0.821257 1.000000
vt 0.828123 0.017699
vt 0.820310 0.017699
vt 0.820313 1.000000
vt 0.835936 1.000000
vt 0.835941 0.017699
vt 0.829068 1.000000
vt 0.829068 1.000000
vt 0.835941 0.017699
vt 0.828123 0.017699
vt 0.828125 1.000000
vt 0.843749 1.000000
vt 0.843750 0.017699
vt 0.836881 1.000000
vt 0.836881 1.000000
vt 0.843750 0.017699
vt 0.835941 0.017699
vt 0.835936 1.000000
vt 0.851561 1.000000
vt 0.851563 0.017699
vt 0.844694 1.000000
vt 0.844694 1.000000
vt 0.851563 0.017699
vt 0.843750 0.017699
vt 0.843749 1.000000
vt 0.859377 1.000000
vt 0.859375 0.017699
vt 0.852505 1.000000
vt 0.852505 1.000000
vt 0.859375 0.017699
vt 0.851563 0.017699
vt 0.851561 1.000000
vt 0.867188 1.000000
vt 0.867189 0.017699
vt 0.860318 1.000000
vt 0.860318 1.000000
vt 0.867189 0.017699
vt 0.859375 0.017699
vt 0.859377 1.000000
vt 0.875000 1.000000
vt 0.875000 0.017699
vt 0.868130 1.000000
vt 0.868130 1.000000
vt 0.875000 0.017699
vt 0.867189 0.017699
vt 0.867188 1.000000
vt 0.882812 1.000000
vt 0.882811 0.017699
vt 0.875942 1.000000
vt 0.875942 1.000000
vt 0.882811 0.017699
vt 0.875000 0.017699
vt 0.875000 1.000000
vt 0.890623 1.000000
vt 0.890625 0.017699
vt 0.883757 1.000000
vt 0.883757 1.000000
vt 0.890625 0.017699
vt 0.882811 0.017699
vt 0.882812 1.000000
vt 0.898439 1.000000
vt 0.898437 0.017699
vt 0.891569 1.000000
vt 0.891569 1.000000
vt 0.898437 0.017699
vt 0.890625 0.017699
vt 0.890623 1.000000
vt 0.906251 1.000000
vt 0.906250 0.017699
vt 0.899380 1.000000
vt 0.899380 1.000000
vt 0.906250 0.017699
vt 0.898437 0.017699
vt 0.898439 1.000000
vt 0.914064 1.000000
vt 0.914059 0.017699
vt 0.907195 1.000000
vt 0.907195 1.000000
vt 0.914059 0.017699
vt 0.906250 0.017699
vt 0.906251 1.000000
vt 0.921875 1.000000
vt 0.921877 0.017699
vt 0.915007 1.000000
vt 0.915007 1.000000
vt 0.921877 0.017699
vt 0.914059 0.017699
vt 0.914064 1.000000
vt 0.929687 1.000000
vt 0.929690 0.017699
vt 0.922819 1.000000
vt 0.922819 1.000000
vt 0.929690 0.017699
vt 0.921877 0.017699
vt 0.921875 1.000000
vt 0.937501 1.000000
vt 0.937503 0.017699
vt 0.930633 1.000000
vt 0.930633 1.000000
vt 0.937503 0.017699
vt 0.929690 0.017699
vt 0.929687 1.000000
vt 0.945311 1.000000
vt 0.945313 0.017699
vt 0.938445 1.000000
vt 0.938445 1.000000
vt 0.945313 0.017699
vt 0.937503 0.017699
vt 0.937501 1.000000
vt 0.953125 1.000000
vt 0.953123 0.017699
vt 0.946256 1.000000
vt 0.946256 1.000000
vt 0.953123 0.017699
vt 0.945313 0.017699
vt 0.945311 1.000000
vt 0.960938 1.000000
vt 0.960935 0.017699
vt 0.954068 1.000000
vt 0.954068 1.000000
vt 0.960935 0.017699
vt 0.953123 0.017699
vt 0.953125 1.000000
vt 0.968750 1.000000
vt 0.968752 0.017699
vt 0.961882 1.000000
vt 0.961882 1.000000
vt 0.968752 0.017699
vt 0.960935 0.017699
vt 0.960938 1.000000
vt 0.976564 1.000000
vt 0.976562 0.017699
vt 0.969694 1.000000
vt 0.969694 1.000000
vt 0.976562 0.017699
vt 0.968752 0.017699
vt 0.968750 1.000000
vt 0.984377 1.000000
vt 0.984376 0.017699
vt 0.977508 1.000000
vt 0.977508 1.000000
vt 0.984376 0.017699
vt 0.976562 0.017699
vt 0.976564 1.000000
vt 0.992188 1.000000
vt 0.992188 0.017699
vt 0.985320 1.000000
vt 0.985320 1.000000
vt 0.992188 0.017699
vt 0.984376 0.017699
vt 0.984377 1.000000
vt 1.000000 1.000000
vt 1.000000 0.017699
vt 0.993133 1.000000
vt 0.993133 1.000000
vt 1.000000 0.017699
vt 0.992188 0.017699
vt 0.992188 1.000000
vt 0.000000 0.017699
vt 0.007812 0.017699
vt 0.000000 0.017699
vt 0.007812 0.017699
vt 0.015624 0.017699
vt 0.000000 0.017699
vt 0.015624 0.017699
vt 0.023438 0.017699
vt 0.000000 0.017699
vt 0.023438 0.017699
vt 0.031248 0.017699
vt 0.000000 0.017699
vt 0.031248 0.017699
vt 0.039065 0.017699
vt 0.000000 0.017699
vt 0.039065 0.017699
vt 0.046877 0.017699
vt 0.000000 0.017699
vt 0.046877 0.017699
vt 0.054687 0.017699
vt 0.000000 0.017699
vt 0.054687 0.017699
vt 0.062497 0.017699
vt 0.000000 0.017699
vt 0.062497 0.017699
vt 0.070310 0.017699
vt 0.000000 0.017699
vt 0.070310 0.017699
vt 0.078123 0.017699
vt 0.000000 0.017699
vt 0.078123 0.017699
vt 0.085941 0.017699
vt 0.000000 0.017699
vt 0.085941 0.017699
vt 0.093750 0.017699
vt 0.000000 0.017699
vt 0.093750 0.017699
vt 0.101563 0.017699
vt 0.000000 0.017699
vt 0.101563 0.017699
vt 0.109375 0.017699
vt 0.000000 0.017699
vt 0.109375 0.017699
vt 0.117189 0.017699
vt 0.000000 0.017699
vt 0.117189 0.017699
vt 0.125000 0.017699
vt 0.000000 0.017699
vt 0.125000 0.017699
vt 0.132811 0.017699
vt 0.000000 0.017699
vt 0.132811 0.017699
vt 0.140625 0.017699
vt 0.000000 0.017699
vt 0.140625 0.017699
vt 0.148437 0.017699
vt 0.000000 0.017699
vt 0.148437 0.017699
vt 0.156250 0.017699
vt 0.000000 0.017699
vt 0.156250 0.017699
vt 0.164059 0.017699
vt 0.000000 0.017699
vt 0.164059 0.017699
vt 0.171877 0.017699
vt 0.000000 0.017699
vt 0.171877 0.017699
vt 0.179690 0.017699
vt 0.000000 0.017699
vt 0.179690 0.017699
vt 0.187503 0.017699
vt 0.000000 0.017699
vt 0.187503 0.017699
vt 0.195313 0.017699
vt 0.000000 0.017699
vt 0.195313 0.017699
vt 0.203123 0.017699
vt 0.000000 0.017699
vt 0.203123 0.017699
vt 0.210935 0.017699
vt 0.000000 0.017699
vt 0.210935 0.017699
vt 0.218752 0.017699
vt 0.000000 0.017699
vt 0.218752 0.017699
vt 0.226562 0.017699
vt 0.000000 0.017699
vt 0.226562 0.017699
vt 0.234376 0.017699
vt 0.000000 0.017699
vt 0.234376 0.017699
vt 0.242188 0.017699
vt 0.000000 0.017699
vt 0.242188 0.017699
vt 0.250000 0.017699
vt 0.000000 0.017699
vt 0.250000 0.017699
vt 0.257812 0.017699
vt 0.000000 0.017699
vt 0.257812 0.017699
vt 0.265624 0.017699
vt 0.000000 0.017699
vt 0.265624 0.017699
vt 0.273438 0.017699
vt 0.000000 0.017699
vt 0.273438 0.017699
vt 0.281248 0.017699
vt 0.000000 0.017699
vt 0.281248 0.017699
vt 0.289065 0.017699
vt 0.000000 0.017699
vt 0.289065 0.017699
vt 0.296877 0.017699
vt 0.000000 0.017699
vt 0.296877 0.017699
vt 0.304687 0.017699
vt 0.000000 0.017699
vt 0.304687 0.017699
vt 0.312497 0.017699
vt 0.000000 0.017699
vt 0.312497 0.017699
vt 0.320310 0.017699
vt 0.000000 0.017699
vt 0.320310 0.017699
vt 0.328123 0.017699
vt 0.000000 0.017699
vt 0.328123 0.017699
vt 0.335941 0.017699
vt 0.000000 0.017699
vt 0.335941 0.017699
vt 0.343750 0.017699
vt 0.000000 0.017699
vt 0.343750 0.017699
vt 0.351563 0.017699
vt 0.000000 0.017699
vt 0.351563 0.017699
vt 0.359375 0.017699
vt 0.000000 0.017699
vt 0.359375 0.017699
vt 0.367189 0.017699
vt 0.000000 0.017699
vt 0.367189 0.017699
vt 0.375000 0.017699
vt 0.000000 0.017699
vt 0.375000 0.017699
vt 0.382811 0.017699
vt 0.000000 0.017699
vt 0.382811 0.017699
vt 0.390625 0.017699
vt 0.000000 0.017699
vt 0.390625 0.017699
vt 0.398437 0.017699
vt 0.000000 0.017699
vt 0.398437 0.017699
vt 0.406250 0.017699
vt 0.000000 0.017699
vt 0.406250 0.017699
vt 0.414059 0.017699
vt 0.000000 0.017699
vt 0.414059 0.017699
vt 0.421877 0.017699
vt 0.000000 0.017699
vt 0.421877 0.017699
vt 0.429690 0.017699
vt 0.000000 0.017699
vt 0.429690 0.017699
vt 0.437503 0.017699
vt 0.000000 0.017699
vt 0.437503 0.017699
vt 0.445313 0.017699
vt 0.000000 0.017699
vt 0.445313 0.017699
vt 0.453123 0.017699
vt 0.000000 0.017699
vt 0.453123 0.017699
vt 0.460935 0.017699
vt 0.000000 0.017699
vt 0.460935 0.017699
vt 0.468752 0.017699
vt 0.000000 0.017699
vt 0.468752 0.017699
vt 0.476562 0.017699
vt 0.000000 0.017699
vt 0.476562 0.017699
vt 0.484376 0.017699
vt 0.000000 0.017699
vt 0.484376 0.017699
vt 0.492188 0.017699
vt 0.000000 0.017699
vt 0.492188 0.017699
vt 0.500000 0.017699
vt 0.000000 0.017699
vt 0.500000 0.017699
vt 0.507812 0.017699
vt 1.000000 0.017699
vt 0.507812 0.017699
vt 0.515624 0.017699
vt 1.000000 0.017699
vt 0.515624 0.017699
vt 0.523438 0.017699
vt 1.000000 0.017699
vt 0.523438 0.017699
vt 0.531248 0.017699
vt 1.000000 0.017699
vt 0.531248 0.017699
vt 0.539065 0.017699
vt 1.000000 0.017699
vt 0.539065 0.017699
vt 0.546877 0.017699
vt 1.000000 0.017699
vt 0.546877 0.017699
vt 0.554687 0.017699
vt 1.000000 0.017699
vt 0.554687 0.017699
vt 0.562497 0.017699
vt 1.000000 0.017699
vt 0.562497 0.017699
vt 0.570310 0.017699
vt 1.000000 0.017699
vt 0.570310 0.017699
vt 0.578123 0.017699
vt 1.000000 0.017699
vt 0.578123 0.017699
vt 0.585941 0.017699
vt 1.000000 0.017699
vt 0.585941 0.017699
vt 0.593750 0.017699
vt 1.000000 0.017699
vt 0.593750 0.017699
vt 0.601563 0.017699
vt 1.000000 0.017699
vt 0.601563 0.017699
vt 0.609375 0.017699
vt 1.000000 0.017699
vt 0.609375 0.017699
vt 0.617189 0.017699
vt 1.000000 0.017699
vt 0.617189 0.017699
vt 0.625000 0.017699
vt 1.000000 0.017699
vt 0.625000 0.017699
vt 0.632811 0.017699
vt 1.000000 0.017699
vt 0.632811 0.017699
vt 0.640625 0.017699
vt 1.000000 0.017699
vt 0.640625 0.017699
vt 0.648437 0.017699
vt 1.000000 0.017699
vt 0.648437 0.017699
vt 0.656250 0.017699
vt 1.000000 0.017699
vt 0.656250 0.017699
vt 0.664059 0.017699
vt 1.000000 0.017699
vt 0.664059 0.017699
vt 0.671877 0.017699
vt 1.000000 0.017699
vt 0.671877 0.017699
vt 0.679690 0.017699
vt 1.000000 0.017699
vt 0.679690 0.017699
vt 0.687503 0.017699
vt 1.000000 0.017699
vt 0.687503 0.017699
vt 0.695313 0.017699
vt 1.000000 0.017699
vt 0.695313 0.017699
vt 0.703123 0.017699
vt 1.000000 0.017699
vt 0.703123 0.017699
vt 0.710935 0.017699
vt 1.000000 0.017699
vt 0.710935 0.017699
vt 0.718752 0.017699
vt 1.000000 0.017699
vt 0.718752 0.017699
vt 0.726562 0.017699
vt 1.000000 0.017699
vt 0.726562 0.017699
vt 0.734376 0.017699
vt 1.000000 0.017699
vt 0.734376 0.017699
vt 0.742188 0.017699
vt 1.000000 0.017699
vt 0.742188 0.017699
vt 0.750000 0.017699
vt 1.000000 0.017699
vt 0.750000 0.017699
vt 0.757812 0.017699
vt 1.000000 0.017699
vt 0.757812 0.017699
vt 0.765624 0.017699
vt 1.000000 0.017699
vt 0.765624 0.017699
vt 0.773438 0.017699
vt 1.000000 0.017699
vt 0.773438 0.017699
vt 0.781248 0.017699
vt 1.000000 0.017699
vt 0.781248 0.017699
vt 0.789065 0.017699
vt 1.000000 0.017699
vt 0.789065 0.017699
vt 0.796877 0.017699
vt 1.000000 0.017699
vt 0.796877 0.017699
vt 0.804687 0.017699
vt 1.000000 0.017699
vt 0.804687 0.017699
vt 0.812497 0.017699
vt 1.000000 0.017699
vt 0.812497 0.017699
vt 0.820310 0.017699
vt 1.000000 0.017699
vt 0.820310 0.017699
vt 0.828123 0.017699
vt 1.000000 0.017699
vt 0.828123 0.017699
vt 0.835941 0.017699
vt 1.000000 0.017699
vt 0.835941 0.017699
vt 0.843750 0.017699
vt 1.000000 0.017699
vt 0.843750 0.017699
vt 0.851563 0.017699
vt 1.000000 0.017699
vt 0.851563 0.017699
vt 0.859375 0.017699
vt 1.000000 0.017699
vt 0.859375 0.017699
vt 0.867189 0.017699
vt 1.000000 0.017699
vt 0.867189 0.017699
vt 0.875000 0.017699
vt 1.000000 0.017699
vt 0.875000 0.017699
vt 0.882811 0.017699
vt 1.000000 0.017699
vt 0.882811 0.017699
vt 0.890625 0.017699
vt 1.000000 0.017699
vt 0.890625 0.017699
vt 0.898437 0.017699
vt 1.000000 0.017699
vt 0.898437 0.017699
vt 0.906250 0.017699
vt 1.000000 0.017699
vt 0.906250 0.017699
vt 0.914059 0.017699
vt 1.000000 0.017699
vt 0.914059 0.017699
vt 0.921877 0.017699
vt 1.000000 0.017699
vt 0.921877 0.017699
vt 0.929690 0.017699
vt 1.000000 0.017699
vt 0.929690 0.017699
vt 0.937503 0.017699
vt 1.000000 0.017699
vt 0.937503 0.017699
vt 0.945313 0.017699
vt 1.000000 0.017699
vt 0.945313 0.017699
vt 0.953123 0.017699
vt 1.000000 0.017699
vt 0.953123 0.017699
vt 0.960935 0.017699
vt 1.000000 0.017699
vt 0.960935 0.017699
vt 0.968752 0.017699
vt 1.000000 0.017699
vt 0.968752 0.017699
vt 0.976562 0.017699
vt 1.000000 0.017699
vt 0.976562 0.017699
vt 0.984376 0.017699
vt 1.000000 0.017699
vt 0.984376 0.017699
vt 0.992188 0.017699
vt 1.000000 0.017699
vt 0.992188 0.017699
vt 1.000000 0.017699
vt 1.000000 0.017699
f 1/1 2/2 3/3
f 4/4 5/5 6/6
f 7/7 8/8 9/9
f 10/10 11/11 12/12
f 13/13 14/14 15/15
f 16/16 17/17 18/18
f 19/19 20/20 21/21
f 22/22 23/23 24/24
f 25/25 26/26 27/27
f 28/28 29/29 30/30
f 31/31 32/32 33/33
f 34/34 35/35 36/36
f 37/37 38/38 39/39
f 40/40 41/41 42/42
f 43/43 44/44 45/45
f 46/46 47/47 48/48
f 49/49 50/50 51/51
f 52/52 53/53 54/54
f 55/55 56/56 57/57
f 58/58 59/59 60/60
f 61/61 62/62 63/63
f 64/64 65/65 66/66
f 67/67 68/68 69/69
f 70/70 71/71 72/72
f 73/73 74/74 75/75
f 76/76 77/77 78/78
f 79/79 80/80 81/81
f 82/82 83/83 84/84
f 85/85 86/86 87/87
f 88/88 89/89 90/90
f 91/91 92/92 93/93
f 94/94 95/95 96/96
f 97/97 98/98 99/99
f 100/100 101/101 102/102
f 103/103 104/104 105/105
f 106/106 107/107 108/108
f 109/109 110/110 111/111
f 112/112 113/113 114/114
f 115/115 116/116 117/117
f 118/118 119/119 120/120
f 121/121 122/122 123/123
f 124/124 125/125 126/126
f 127/127 128/128 129/129
f 130/130 131/131 132/132
f 133/133 134/134 135/135
f 136/136 137/137 138/138
f 139/139 140/140 141/141
f 142/142 143/143 144/144
f 145/145 146/146 147/147
f 148/148 149/149 150/150
f 151/151 152/152 153/153
f 154/154 155/155 156/156
f 157/157 158/158 159/159
f 160/160 161/161 162/162
f 163/163 164/164 165/165
f 166/166 167/167 168/168
f 169/169 170/170 171/171
f 172/172 173/173 174/174
f 175/175 176/176 177/177
f 178/178 179/179 180/180
f 181/181 182/182 183/183
f 184/184 185/185 186/186
f 187/187 188/188 189/189
f 190/190 191/191 192/192
f 193/193 194/194 195/195
f 196/196 197/197 198/198
f 199/199 200/200 201/201
f 202/202 203/203 204/204
f 205/205 206/206 207/207
f 208/208 209/209 210/210
f 211/211 212/212 213/213
f 214/214 215/215 216/216
f 217/217 218/218 219/219
f 220/220 221/221 222/222
f 223/223 224/224 225/225
f 226/226 227/227 228/228
f 229/229 230/230 231/231
f 232/232 233/233 234/234
f 235/235 236/236 237/237
f 238/238 239/239 240/240
f 241/241 242/242 243/243
f 244/244 245/245 246/246
f 247/247 248/248 249/249
f 250/250 251/251 252/252
f 253/253 254/254 255/255
f 256/256 257/257 258/258
f 259/259 260/260 261/261
f 262/262 263/263 264/264
f 265/265 266/266 267/267
f 268/268 269/269 270/270
f 271/271 272/272 273/273
f 274/274 275/275 276/276
f 277/277 278/278 279/279
f 280/280 281/281 282/282
f 283/283 284/284 285/285
f 286/286 287/287 288/288
f 289/289 290/290 291/291
f 292/292 293/293 294/294
f 295/295 296/296 297/297
f 298/298 299/299 300/300
f 301/301 302/302 303/303
f 304/304 305/305 306/306
f 307/307 308/308 309/309
f 310/310 311/311 312/312
f 313/313 314/314 315/315
f 316/316 317/317 318/318
f 319/319 320/320 321/321
f 322/322 323/323 324/324
f 325/325 326/326 327/327
f 328/328 329/329 330/330
f 331/331 332/332 333/333
f 334/334 335/335 336/336
f 337/337 338/338 339/339
f 340/340 341/341 342/342
f 343/343 344/344 345/345
f 346/346 347/347 348/348
f 349/349 350/350 351/351
f 352/352 353/353 354/354
f 355/355 356/356 357/357
f 358/358 359/359 360/360
f 361/361 362/362 363/363
f 364/364 365/365 366/366
f 367/367 368/368 369/369
f 370/370 371/371 372/372
f 373/373 374/374 375/375
f 376/376 377/377 378/378
f 379/379 380/380 381/381
f 382/382 383/383 384/384
f 385/385 386/386 387/387
f 385/385 387/387 388/388
f 389/389 390/390 391/391
f 392/392 393/393 394/394
f 392/392 394/394 395/395
f 396/396 397/397 398/398
f 399/399 400/400 401/401
f 399/399 401/401 402/402
f 403/403 404/404 405/405
f 406/406 407/407 408/408
f 406/406 408/408 409/409
f 410/410 411/411 412/412
f 413/413 414/414 415/415
f 413/413 415/415 416/416
f 417/417 418/418 419/419
f 420/420 421/421 422/422
f 420/420 422/422 423/423
f 424/424 425/425 426/426
f 427/427 428/428 429/429
f 427/427 429/429 430/430
f 431/431 432/432 433/433
f 434/434 435/435 436/436
f 434/434 436/436 437/437
f 438/438 439/439 440/440
f 441/441 442/442 443/443
f 441/441 443/443 444/444
f 445/445 446/446 447/447
f 448/448 449/449 450/450
f 448/448 450/450 451/451
f 452/452 453/453 454/454
f 455/455 456/456 457/457
f 455/455 457/457 458/458
f 459/459 460/460 461/461
f 462/462 463/463 464/464
f 462/462 464/464 465/465
f 466/466 467/467 468/468
f 469/469 470/470 471/471
f 469/469 471/471 472/472
f 473/473 474/474 475/475
f 476/476 477/477 478/478
f 476/476 478/478 479/479
f 480/480 481/481 482/482
f 483/483 484/484 485/485
f 483/483 485/485 486/486
f 487/487 488/488 489/489
f 490/490 491/491 492/492
f 490/490 492/492 493/493
f 494/494 495/495 496/496
f 497/497 498/498 499/499
f 497/497 499/499 500/500
f 501/501 502/502 503/503
f 504/504 505/505 506/506
f 504/504 506/506 507/507
f 508/508 509/509 510/510
f 511/511 512/512 513/513
f 511/511 513/513 514/514
f 515/515 516/516 517/517
f 518/518 519/519 520/520
f 518/518 520/520 521/521
f 522/522 523/523 524/524
f 525/525 526/526 527/527
f 525/525 527/527 528/528
f 529/529 530/530 531/531
f 532/532 533/533 534/534
f 532/532 534/534 535/535
f 536/536 537/537 538/538
f 539/539 540/540 541/541
f 539/539 541/541 542/542
f 543/543 544/544 545/545
f 546/546 547/547 548/548
f 546/546 548/548 549/549
f 550/550 551/551 552/552
f 553/553 554/554 555/555
f 553/553 555/555 556/556
f 557/557 558/558 559/559
f 560/560 561/561 562/562
f 560/560 562/562 563/563
f 564/564 565/565 566/566
f 567/567 568/568 569/569
f 567/567 569/569 570/570
f 571/571 572/572 573/573
f 574/574 575/575 576/576
f 574/574 576/576 577/577
f 578/578 579/579 580/580
f 581/581 582/582 583/583
f 581/581 583/583 584/584
f 585/585 586/586 587/587
f 588/588 589/589 590/590
f 588/588 590/590 591/591
f 592/592 593/593 594/594
f 595/595 596/596 597/597
f 595/595 597/597 598/598
f 599/599 600/600 601/601
f 602/602 603/603 604/604
f 602/602 604/604 605/605
f 606/606 607/607 608/608
f 609/609 610/610 611/611
f 609/609 611/611 612/612
f 613/613 614/614 615/615
f 616/616 617/617 618/618
f 616/616 618/618 619/619
f 620/620 621/621 622/622
f 623/623 624/624 625/625
f 623/623 625/625 626/626
f 627/627 628/628 629/629
f 630/630 631/631 632/632
f 630/630 632/632 633/633
f 634/634 635/635 636/636
f 637/637 638/638 639/639
f 637/637 639/639 640/640
f 641/641 642/642 643/643
f 644/644 645/645 646/646
f 644/644 646/646 647/647
f 648/648 649/649 650/650
f 651/651 652/652 653/653
f 651/651 653/653 654/654
f 655/655 656/656 657/657
f 658/658 659/659 660/660
f 658/658 660/660 661/661
f 662/662 663/663 664/664
f 665/665 666/666 667/667
f 665/665 667/667 668/668
f 669/669 670/670 671/671
f 672/672 673/673 674/674
f 672/672 674/674 675/675
f 676/676 677/677 678/678
f 679/679 680/680 681/681
f 679/679 681/681 682/682
f 683/683 684/684 685/685
f 686/686 687/687 688/688
f 686/686 688/688 689/689
f 690/690 691/691 692/692
f 693/693 694/694 695/695
f 693/693 695/695 696/696
f 697/697 698/698 699/699
f 700/700 701/701 702/702
f 700/700 702/702 703/703
f 704/704 705/705 706/706
f 707/707 708/708 709/709
f 707/707 709/709 710/710
f 711/711 712/712 713/713
f 714/714 715/715 716/716
f 714/714 716/716 717/717
f 718/718 719/719 720/720
f 721/721 722/722 723/723
f 721/721 723/723 724/724
f 725/725 726/726 727/727
f 728/728 729/729 730/730
f 728/728 730/730 731/731
f 732/732 733/733 734/734
f 735/735 736/736 737/737
f 735/735 737/737 738/738
f 739/739 740/740 741/741
f 742/742 743/743 744/744
f 742/742 744/744 745/745
f 746/746 747/747 748/748
f 749/749 750/750 751/751
f 749/749 751/751 752/752
f 753/753 754/754 755/755
f 756/756 757/757 758/758
f 756/756 758/758 759/759
f 760/760 761/761 762/762
f 763/763 764/764 765/765
f 763/763 765/765 766/766
f 767/767 768/768 769/769
f 770/770 771/771 772/772
f 770/770 772/772 773/773
f 774/774 775/775 776/776
f 777/777 778/778 779/779
f 777/777 779/779 780/780
f 781/781 782/782 783/783
f 784/784 785/785 786/786
f 784/784 786/786 787/787
f 788/788 789/789 790/790
f 791/791 792/792 793/793
f 791/791 793/793 794/794
f 795/795 796/796 797/797
f 798/798 799/799 800/800
f 798/798 800/800 801/801
f 802/802 803/803 804/804
f 805/805 806/806 807/807
f 805/805 807/807 808/808
f 809/809 810/810 811/811
f 812/812 813/813 814/814
f 812/812 814/814 815/815
f 816/816 817/817 818/818
f 819/819 820/820 821/821
f 819/819 821/821 822/822
f 823/823 824/824 825/825
f 826/826 827/827 828/828
f 826/826 828/828 829/829
f 830/830 831/831 832/832
f 833/833 834/834 835/835
f 833/833 835/835 836/836
f 837/837 838/838 839/839
f 840/840 841/841 842/842
f 840/840 842/842 843/843
f 844/844 845/845 846/846
f 847/847 848/848 849/849
f 847/847 849/849 850/850
f 851/851 852/852 853/853
f 854/854 855/855 856/856
f 854/854 856/856 857/857
f 858/858 859/859 860/860
f 861/861 862/862 863/863
f 861/861 863/863 864/864
f 865/865 866/866 867/867
f 868/868 869/869 870/870
f 868/868 870/870 871/871
f 872/872 873/873 874/874
f 875/875 876/876 877/877
f 875/875 877/877 878/878
f 879/879 880/880 881/881
f 882/882 883/883 884/884
f 882/882 884/884 885/885
f 886/886 887/887 888/888
f 889/889 890/890 891/891
f 889/889 891/891 892/892
f 893/893 894/894 895/895
f 896/896 897/897 898/898
f 896/896 898/898 899/899
f 900/900 901/901 902/902
f 903/903 904/904 905/905
f 903/903 905/905 906/906
f 907/907 908/908 909/909
f 910/910 911/911 912/912
f 910/910 912/912 913/913
f 914/914 915/915 916/916
f 917/917 918/918 919/919
f 917/917 919/919 920/920
f 921/921 922/922 923/923
f 924/924 925/925 926/926
f 924/924 926/926 927/927
f 928/928 929/929 930/930
f 931/931 932/932 933/933
f 931/931 933/933 934/934
f 935/935 936/936 937/937
f 938/938 939/939 940/940
f 938/938 940/940 941/941
f 942/942 943/943 944/944
f 945/945 946/946 947/947
f 945/945 947/947 948/948
f 949/949 950/950 951/951
f 952/952 953/953 954/954
f 952/952 954/954 955/955
f 956/956 957/957 958/958
f 959/959 960/960 961/961
f 959/959 961/961 962/962
f 963/963 964/964 965/965
f 966/966 967/967 968/968
f 966/966 968/968 969/969
f 970/970 971/971 972/972
f 973/973 974/974 975/975
f 973/973 975/975 976/976
f 977/977 978/978 979/979
f 980/980 981/981 982/982
f 980/980 982/982 983/983
f 984/984 985/985 986/986
f 987/987 988/988 989/989
f 987/987 989/989 990/990
f 991/991 992/992 993/993
f 994/994 995/995 996/996
f 994/994 996/996 997/997
f 998/998 999/999 1000/1000
f 1001/1001 1002/1002 1003/1003
f 1001/1001 1003/1003 1004/1004
f 1005/1005 1006/1006 1007/1007
f 1008/1008 1009/1009 1010/1010
f 1008/1008 1010/1010 1011/1011
f 1012/1012 1013/1013 1014/1014
f 1015/1015 1016/1016 1017/1017
f 1015/1015 1017/1017 1018/1018
f 1019/1019 1020/1020 1021/1021
f 1022/1022 1023/1023 1024/1024
f 1022/1022 1024/1024 1025/1025
f 1026/1026 1027/1027 1028/1028
f 1029/1029 1030/1030 1031/1031
f 1029/1029 1031/1031 1032/1032
f 1033/1033 1034/1034 1035/1035
f 1036/1036 1037/1037 1038/1038
f 1036/1036 1038/1038 1039/1039
f 1040/1040 1041/1041 1042/1042
f 1043/1043 1044/1044 1045/1045
f 1043/1043 1045/1045 1046/1046
f 1047/1047 1048/1048 1049/1049
f 1050/1050 1051/1051 1052/1052
f 1050/1050 1052/1052 1053/1053
f 1054/1054 1055/1055 1056/1056
f 1057/1057 1058/1058 1059/1059
f 1057/1057 1059/1059 1060/1060
f 1061/1061 1062/1062 1063/1063
f 1064/1064 1065/1065 1066/1066
f 1064/1064 1066/1066 1067/1067
f 1068/1068 1069/1069 1070/1070
f 1071/1071 1072/1072 1073/1073
f 1071/1071 1073/1073 1074/1074
f 1075/1075 1076/1076 1077/1077
f 1078/1078 1079/1079 1080/1080
f 1078/1078 1080/1080 1081/1081
f 1082/1082 1083/1083 1084/1084
f 1085/1085 1086/1086 1087/1087
f 1085/1085 1087/1087 1088/1088
f 1089/1089 1090/1090 1091/1091
f 1092/1092 1093/1093 1094/1094
f 1092/1092 1094/1094 1095/1095
f 1096/1096 1097/1097 1098/1098
f 1099/1099 1100/1100 1101/1101
f 1099/1099 1101/1101 1102/1102
f 1103/1103 1104/1104 1105/1105
f 1106/1106 1107/1107 1108/1108
f 1106/1106 1108/1108 1109/1109
f 1110/1110 1111/1111 1112/1112
f 1113/1113 1114/1114 1115/1115
f 1113/1113 1115/1115 1116/1116
f 1117/1117 1118/1118 1119/1119
f 1120/1120 1121/1121 1122/1122
f 1120/1120 1122/1122 1123/1123
f 1124/1124 1125/1125 1126/1126
f 1127/1127 1128/1128 1129/1129
f 1127/1127 1129/1129 1130/1130
f 1131/1131 1132/1132 1133/1133
f 1134/1134 1135/1135 1136/1136
f 1134/1134 1136/1136 1137/1137
f 1138/1138 1139/1139 1140/1140
f 1141/1141 1142/1142 1143/1143
f 1141/1141 1143/1143 1144/1144
f 1145/1145 1146/1146 1147/1147
f 1148/1148 1149/1149 1150/1150
f 1148/1148 1150/1150 1151/1151
f 1152/1152 1153/1153 1154/1154
f 1155/1155 1156/1156 1157/1157
f 1155/1155 1157/1157 1158/1158
f 1159/1159 1160/1160 1161/1161
f 1162/1162 1163/1163 1164/1164
f 1162/1162 1164/1164 1165/1165
f 1166/1166 1167/1167 1168/1168
f 1169/1169 1170/1170 1171/1171
f 1169/1169 1171/1171 1172/1172
f 1173/1173 1174/1174 1175/1175
f 1176/1176 1177/1177 1178/1178
f 1176/1176 1178/1178 1179/1179
f 1180/1180 1181/1181 1182/1182
f 1183/1183 1184/1184 1185/1185
f 1183/1183 1185/1185 1186/1186
f 1187/1187 1188/1188 1189/1189
f 1190/1190 1191/1191 1192/1192
f 1190/1190 1192/1192 1193/1193
f 1194/1194 1195/1195 1196/1196
f 1197/1197 1198/1198 1199/1199
f 1197/1197 1199/1199 1200/1200
f 1201/1201 1202/1202 1203/1203
f 1204/1204 1205/1205 1206/1206
f 1204/1204 1206/1206 1207/1207
f 1208/1208 1209/1209 1210/1210
f 1211/1211 1212/1212 1213/1213
f 1211/1211 1213/1213 1214/1214
f 1215/1215 1216/1216 1217/1217
f 1218/1218 1219/1219 1220/1220
f 1218/1218 1220/1220 1221/1221
f 1222/1222 1223/1223 1224/1224
f 1225/1225 1226/1226 1227/1227
f 1225/1225 1227/1227 1228/1228
f 1229/1229 1230/1230 1231/1231
f 1232/1232 1233/1233 1234/1234
f 1232/1232 1234/1234 1235/1235
f 1236/1236 1237/1237 1238/1238
f 1239/1239 1240/1240 1241/1241
f 1239/1239 1241/1241 1242/1242
f 1243/1243 1244/1244 1245/1245
f 1246/1246 1247/1247 1248/1248
f 1246/1246 1248/1248 1249/1249
f 1250/1250 1251/1251 1252/1252
f 1253/1253 1254/1254 1255/1255
f 1253/1253 1255/1255 1256/1256
f 1257/1257 1258/1258 1259/1259
f 1260/1260 1261/1261 1262/1262
f 1260/1260 1262/1262 1263/1263
f 1264/1264 1265/1265 1266/1266
f 1267/1267 1268/1268 1269/1269
f 1267/1267 1269/1269 1270/1270
f 1271/1271 1272/1272 1273/1273
f 1274/1274 1275/1275 1276/1276
f 1274/1274 1276/1276 1277/1277
f 1278/1278 1279/1279 1280/1280
f 1281/1281 1282/1282 1283/1283
f 1284/1284 1285/1285 1286/1286
f 1284/1284 1286/1286 1287/1287
f 1288/1288 1289/1289 1290/1290
f 1291/1291 1292/1292 1293/1293
f 1291/1291 1293/1293 1294/1294
f 1295/1295 1296/1296 1297/1297
f 1298/1298 1299/1299 1300/1300
f 1298/1298 1300/1300 1301/1301
f 1302/1302 1303/1303 1304/1304
f 1305/1305 1306/1306 1307/1307
f 1305/1305 1307/1307 1308/1308
f 1309/1309 1310/1310 1311/1311
f 1312/1312 1313/1313 1314/1314
f 1312/1312 1314/1314 1315/1315
f 1316/1316 1317/1317 1318/1318
f 1319/1319 1320/1320 1321/1321
f 1319/1319 1321/1321 1322/1322
f 1323/1323 1324/1324 1325/1325
f 1326/1326 1327/1327 1328/1328
f 1326/1326 1328/1328 1329/1329
f 1330/1330 1331/1331 1332/1332
f 1333/1333 1334/1334 1335/1335
f 1333/1333 1335/1335 1336/1336
f 1337/1337 1338/1338 1339/1339
f 1340/1340 1341/1341 1342/1342
f 1340/1340 1342/1342 1343/1343
f 1344/1344 1345/1345 1346/1346
f 1347/1347 1348/1348 1349/1349
f 1347/1347 1349/1349 1350/1350
f 1351/1351 1352/1352 1353/1353
f 1354/1354 1355/1355 1356/1356
f 1354/1354 1356/1356 1357/1357
f 1358/1358 1359/1359 1360/1360
f 1361/1361 1362/1362 1363/1363
f 1361/1361 1363/1363 1364/1364
f 1365/1365 1366/1366 1367/1367
f 1368/1368 1369/1369 1370/1370
f 1368/1368 1370/1370 1371/1371
f 1372/1372 1373/1373 1374/1374
f 1375/1375 1376/1376 1377/1377
f 1375/1375 1377/1377 1378/1378
f 1379/1379 1380/1380 1381/1381
f 1382/1382 1383/1383 1384/1384
f 1382/1382 1384/1384 1385/1385
f 1386/1386 1387/1387 1388/1388
f 1389/1389 1390/1390 1391/1391
f 1389/1389 1391/1391 1392/1392
f 1393/1393 1394/1394 1395/1395
f 1396/1396 1397/1397 1398/1398
f 1396/1396 1398/1398 1399/1399
f 1400/1400 1401/1401 1402/1402
f 1403/1403 1404/1404 1405/1405
f 1403/1403 1405/1405 1406/1406
f 1407/1407 1408/1408 1409/1409
f 1410/1410 1411/1411 1412/1412
f 1410/1410 1412/1412 1413/1413
f 1414/1414 1415/1415 1416/1416
f 1417/1417 1418/1418 1419/1419
f 1417/1417 1419/1419 1420/1420
f 1421/1421 1422/1422 1423/1423
f 1424/1424 1425/1425 1426/1426
f 1424/1424 1426/1426 1427/1427
f 1428/1428 1429/1429 1430/1430
f 1431/1431 1432/1432 1433/1433
f 1431/1431 1433/1433 1434/1434
f 1435/1435 1436/1436 1437/1437
f 1438/1438 1439/1439 1440/1440
f 1438/1438 1440/1440 1441/1441
f 1442/1442 1443/1443 1444/1444
f 1445/1445 1446/1446 1447/1447
f 1445/1445 1447/1447 1448/1448
f 1449/1449 1450/1450 1451/1451
f 1452/1452 1453/1453 1454/1454
f 1452/1452 1454/1454 1455/1455
f 1456/1456 1457/1457 1458/1458
f 1459/1459 1460/1460 1461/1461
f 1459/1459 1461/1461 1462/1462
f 1463/1463 1464/1464 1465/1465
f 1466/1466 1467/1467 1468/1468
f 1466/1466 1468/1468 1469/1469
f 1470/1470 1471/1471 1472/1472
f 1473/1473 1474/1474 1475/1475
f 1473/1473 1475/1475 1476/1476
f 1477/1477 1478/1478 1479/1479
f 1480/1480 1481/1481 1482/1482
f 1480/1480 1482/1482 1483/1483
f 1484/1484 1485/1485 1486/1486
f 1487/1487 1488/1488 1489/1489
f 1487/1487 1489/1489 1490/1490
f 1491/1491 1492/1492 1493/1493
f 1494/1494 1495/1495 1496/1496
f 1494/1494 1496/1496 1497/1497
f 1498/1498 1499/1499 1500/1500
f 1501/1501 1502/1502 1503/1503
f 1501/1501 1503/1503 1504/1504
f 1505/1505 1506/1506 1507/1507
f 1508/1508 1509/1509 1510/1510
f 1508/1508 1510/1510 1511/1511
f 1512/1512 1513/1513 1514/1514
f 1515/1515 1516/1516 1517/1517
f 1515/1515 1517/1517 1518/1518
f 1519/1519 1520/1520 1521/1521
f 1522/1522 1523/1523 1524/1524
f 1522/1522 1524/1524 1525/1525
f 1526/1526 1527/1527 1528/1528
f 1529/1529 1530/1530 1531/1531
f 1529/1529 1531/1531 1532/1532
f 1533/1533 1534/1534 1535/1535
f 1536/1536 1537/1537 1538/1538
f 1536/1536 1538/1538 1539/1539
f 1540/1540 1541/1541 1542/1542
f 1543/1543 1544/1544 1545/1545
f 1543/1543 1545/1545 1546/1546
f 1547/1547 1548/1548 1549/1549
f 1550/1550 1551/1551 1552/1552
f 1550/1550 1552/1552 1553/1553
f 1554/1554 1555/1555 1556/1556
f 1557/1557 1558/1558 1559/1559
f 1557/1557 1559/1559 1560/1560
f 1561/1561 1562/1562 1563/1563
f 1564/1564 1565/1565 1566/1566
f 1564/1564 1566/1566 1567/1567
f 1568/1568 1569/1569 1570/1570
f 1571/1571 1572/1572 1573/1573
f 1571/1571 1573/1573 1574/1574
f 1575/1575 1576/1576 1577/1577
f 1578/1578 1579/1579 1580/1580
f 1578/1578 1580/1580 1581/1581
f 1582/1582 1583/1583 1584/1584
f 1585/1585 1586/1586 1587/1587
f 1585/1585 1587/1587 1588/1588
f 1589/1589 1590/1590 1591/1591
f 1592/1592 1593/1593 1594/1594
f 1592/1592 1594/1594 1595/1595
f 1596/1596 1597/1597 1598/1598
f 1599/1599 1600/1600 1601/1601
f 1599/1599 1601/1601 1602/1602
f 1603/1603 1604/1604 1605/1605
f 1606/1606 1607/1607 1608/1608
f 1606/1606 1608/1608 1609/1609
f 1610/1610 1611/1611 1612/1612
f 1613/1613 1614/1614 1615/1615
f 1613/1613 1615/1615 1616/1616
f 1617/1617 1618/1618 1619/1619
f 1620/1620 1621/1621 1622/1622
f 1620/1620 1622/1622 1623/1623
f 1624/1624 1625/1625 1626/1626
f 1627/1627 1628/1628 1629/1629
f 1627/1627 1629/1629 1630/1630
f 1631/1631 1632/1632 1633/1633
f 1634/1634 1635/1635 1636/1636
f 1634/1634 1636/1636 1637/1637
f 1638/1638 1639/1639 1640/1640
f 1641/1641 1642/1642 1643/1643
f 1641/1641 1643/1643 1644/1644
f 1645/1645 1646/1646 1647/1647
f 1648/1648 1649/1649 1650/1650
f 1648/1648 1650/1650 1651/1651
f 1652/1652 1653/1653 1654/1654
f 1655/1655 1656/1656 1657/1657
f 1655/1655 1657/1657 1658/1658
f 1659/1659 1660/1660 1661/1661
f 1662/1662 1663/1663 1664/1664
f 1662/1662 1664/1664 1665/1665
f 1666/1666 1667/1667 1668/1668
f 1669/1669 1670/1670 1671/1671
f 1669/1669 1671/1671 1672/1672
f 1673/1673 1674/1674 1675/1675
f 1676/1676 1677/1677 1678/1678
f 1676/1676 1678/1678 1679/1679
f 1680/1680 1681/1681 1682/1682
f 1683/1683 1684/1684 1685/1685
f 1683/1683 1685/1685 1686/1686
f 1687/1687 1688/1688 1689/1689
f 1690/1690 1691/1691 1692/1692
f 1690/1690 1692/1692 1693/1693
f 1694/1694 1695/1695 1696/1696
f 1697/1697 1698/1698 1699/1699
f 1697/1697 1699/1699 1700/1700
f 1701/1701 1702/1702 1703/1703
f 1704/1704 1705/1705 1706/1706
f 1704/1704 1706/1706 1707/1707
f 1708/1708 1709/1709 1710/1710
f 1711/1711 1712/1712 1713/1713
f 1711/1711 1713/1713 1714/1714
f 1715/1715 1716/1716 1717/1717
f 1718/1718 1719/1719 1720/1720
f 1718/1718 1720/1720 1721/1721
f 1722/1722 1723/1723 1724/1724
f 1725/1725 1726/1726 1727/1727
f 1725/1725 1727/1727 1728/1728
f 1729/1729 1730/1730 1731/1731
f 1732/1732 1733/1733 1734/1734
f 1732/1732 1734/1734 1735/1735
f 1736/1736 1737/1737 1738/1738
f 1739/1739 1740/1740 1741/1741
f 1739/1739 1741/1741 1742/1742
f 1743/1743 1744/1744 1745/1745
f 1746/1746 1747/1747 1748/1748
f 1746/1746 1748/1748 1749/1749
f 1750/1750 1751/1751 1752/1752
f 1753/1753 1754/1754 1755/1755
f 1753/1753 1755/1755 1756/1756
f 1757/1757 1758/1758 1759/1759
f 1760/1760 1761/1761 1762/1762
f 1760/1760 1762/1762 1763/1763
f 1764/1764 1765/1765 1766/1766
f 1767/1767 1768/1768 1769/1769
f 1767/1767 1769/1769 1770/1770
f 1771/1771 1772/1772 1773/1773
f 1774/1774 1775/1775 1776/1776
f 1774/1774 1776/1776 1777/1777
f 1778/1778 1779/1779 1780/1780
f 1781/1781 1782/1782 1783/1783
f 1781/1781 1783/1783 1784/1784
f 1785/1785 1786/1786 1787/1787
f 1788/1788 1789/1789 1790/1790
f 1788/1788 1790/1790 1791/1791
f 1792/1792 1793/1793 1794/1794
f 1795/1795 1796/1796 1797/1797
f 1795/1795 1797/1797 1798/1798
f 1799/1799 1800/1800 1801/1801
f 1802/1802 1803/1803 1804/1804
f 1802/1802 1804/1804 1805/1805
f 1806/1806 1807/1807 1808/1808
f 1809/1809 1810/1810 1811/1811
f 1809/1809 1811/1811 1812/1812
f 1813/1813 1814/1814 1815/1815
f 1816/1816 1817/1817 1818/1818
f 1816/1816 1818/1818 1819/1819
f 1820/1820 1821/1821 1822/1822
f 1823/1823 1824/1824 1825/1825
f 1823/1823 1825/1825 1826/1826
f 1827/1827 1828/1828 1829/1829
f 1830/1830 1831/1831 1832/1832
f 1830/1830 1832/1832 1833/1833
f 1834/1834 1835/1835 1836/1836
f 1837/1837 1838/1838 1839/1839
f 1837/1837 1839/1839 1840/1840
f 1841/1841 1842/1842 1843/1843
f 1844/1844 1845/1845 1846/1846
f 1844/1844 1846/1846 1847/1847
f 1848/1848 1849/1849 1850/1850
f 1851/1851 1852/1852 1853/1853
f 1851/1851 1853/1853 1854/1854
f 1855/1855 1856/1856 1857/1857
f 1858/1858 1859/1859 1860/1860
f 1858/1858 1860/1860 1861/1861
f 1862/1862 1863/1863 1864/1864
f 1865/1865 1866/1866 1867/1867
f 1865/1865 1867/1867 1868/1868
f 1869/1869 1870/1870 1871/1871
f 1872/1872 1873/1873 1874/1874
f 1872/1872 1874/1874 1875/1875
f 1876/1876 1877/1877 1878/1878
f 1879/1879 1880/1880 1881/1881
f 1879/1879 1881/1881 1882/1882
f 1883/1883 1884/1884 1885/1885
f 1886/1886 1887/1887 1888/1888
f 1886/1886 1888/1888 1889/1889
f 1890/1890 1891/1891 1892/1892
f 1893/1893 1894/1894 1895/1895
f 1893/1893 1895/1895 1896/1896
f 1897/1897 1898/1898 1899/1899
f 1900/1900 1901/1901 1902/1902
f 1900/1900 1902/1902 1903/1903
f 1904/1904 1905/1905 1906/1906
f 1907/1907 1908/1908 1909/1909
f 1907/1907 1909/1909 1910/1910
f 1911/1911 1912/1912 1913/1913
f 1914/1914 1915/1915 1916/1916
f 1914/1914 1916/1916 1917/1917
f 1918/1918 1919/1919 1920/1920
f 1921/1921 1922/1922 1923/1923
f 1921/1921 1923/1923 1924/1924
f 1925/1925 1926/1926 1927/1927
f 1928/1928 1929/1929 1930/1930
f 1928/1928 1930/1930 1931/1931
f 1932/1932 1933/1933 1934/1934
f 1935/1935 1936/1936 1937/1937
f 1935/1935 1937/1937 1938/1938
f 1939/1939 1940/1940 1941/1941
f 1942/1942 1943/1943 1944/1944
f 1942/1942 1944/1944 1945/1945
f 1946/1946 1947/1947 1948/1948
f 1949/1949 1950/1950 1951/1951
f 1949/1949 1951/1951 1952/1952
f 1953/1953 1954/1954 1955/1955
f 1956/1956 1957/1957 1958/1958
f 1956/1956 1958/1958 1959/1959
f 1960/1960 1961/1961 1962/1962
f 1963/1963 1964/1964 1965/1965
f 1963/1963 1965/1965 1966/1966
f 1967/1967 1968/1968 1969/1969
f 1970/1970 1971/1971 1972/1972
f 1970/1970 1972/1972 1973/1973
f 1974/1974 1975/1975 1976/1976
f 1977/1977 1978/1978 1979/1979
f 1977/1977 1979/1979 1980/1980
f 1981/1981 1982/1982 1983/1983
f 1984/1984 1985/1985 1986/1986
f 1984/1984 1986/1986 1987/1987
f 1988/1988 1989/1989 1990/1990
f 1991/1991 1992/1992 1993/1993
f 1991/1991 1993/1993 1994/1994
f 1995/1995 1996/1996 1997/1997
f 1998/1998 1999/1999 2000/2000
f 1998/1998 2000/2000 2001/2001
f 2002/2002 2003/2003 2004/2004
f 2005/2005 2006/2006 2007/2007
f 2005/2005 2007/2007 2008/2008
f 2009/2009 2010/2010 2011/2011
f 2012/2012 2013/2013 2014/2014
f 2012/2012 2014/2014 2015/2015
f 2016/2016 2017/2017 2018/2018
f 2019/2019 2020/2020 2021/2021
f 2019/2019 2021/2021 2022/2022
f 2023/2023 2024/2024 2025/2025
f 2026/2026 2027/2027 2028/2028
f 2026/2026 2028/2028 2029/2029
f 2030/2030 2031/2031 2032/2032
f 2033/2033 2034/2034 2035/2035
f 2033/2033 2035/2035 2036/2036
f 2037/2037 2038/2038 2039/2039
f 2040/2040 2041/2041 2042/2042
f 2040/2040 2042/2042 2043/2043
f 2044/2044 2045/2045 2046/2046
f 2047/2047 2048/2048 2049/2049
f 2047/2047 2049/2049 2050/2050
f 2051/2051 2052/2052 2053/2053
f 2054/2054 2055/2055 2056/2056
f 2054/2054 2056/2056 2057/2057
f 2058/2058 2059/2059 2060/2060
f 2061/2061 2062/2062 2063/2063
f 2061/2061 2063/2063 2064/2064
f 2065/2065 2066/2066 2067/2067
f 2068/2068 2069/2069 2070/2070
f 2068/2068 2070/2070 2071/2071
f 2072/2072 2073/2073 2074/2074
f 2075/2075 2076/2076 2077/2077
f 2075/2075 2077/2077 2078/2078
f 2079/2079 2080/2080 2081/2081
f 2082/2082 2083/2083 2084/2084
f 2082/2082 2084/2084 2085/2085
f 2086/2086 2087/2087 2088/2088
f 2089/2089 2090/2090 2091/2091
f 2089/2089 2091/2091 2092/2092
f 2093/2093 2094/2094 2095/2095
f 2096/2096 2097/2097 2098/2098
f 2096/2096 2098/2098 2099/2099
f 2100/2100 2101/2101 2102/2102
f 2103/2103 2104/2104 2105/2105
f 2103/2103 2105/2105 2106/2106
f 2107/2107 2108/2108 2109/2109
f 2110/2110 2111/2111 2112/2112
f 2110/2110 2112/2112 2113/2113
f 2114/2114 2115/2115 2116/2116
f 2117/2117 2118/2118 2119/2119
f 2117/2117 2119/2119 2120/2120
f 2121/2121 2122/2122 2123/2123
f 2124/2124 2125/2125 2126/2126
f 2124/2124 2126/2126 2127/2127
f 2128/2128 2129/2129 2130/2130
f 2131/2131 2132/2132 2133/2133
f 2131/2131 2133/2133 2134/2134
f 2135/2135 2136/2136 2137/2137
f 2138/2138 2139/2139 2140/2140
f 2138/2138 2140/2140 2141/2141
f 2142/2142 2143/2143 2144/2144
f 2145/2145 2146/2146 2147/2147
f 2145/2145 2147/2147 2148/2148
f 2149/2149 2150/2150 2151/2151
f 2152/2152 2153/2153 2154/2154
f 2152/2152 2154/2154 2155/2155
f 2156/2156 2157/2157 2158/2158
f 2159/2159 2160/2160 2161/2161
f 2159/2159 2161/2161 2162/2162
f 2163/2163 2164/2164 2165/2165
f 2166/2166 2167/2167 2168/2168
f 2166/2166 2168/2168 2169/2169
f 2170/2170 2171/2171 2172/2172
f 2173/2173 2174/2174 2175/2175
f 2173/2173 2175/2175 2176/2176
f 2177/2177 2178/2178 2179/2179
f 2180/2180 2181/2181 2182/2182
f 2183/2183 2184/2184 2185/2185
f 2186/2186 2187/2187 2188/2188
f 2189/2189 2190/2190 2191/2191
f 2192/2192 2193/2193 2194/2194
f 2195/2195 2196/2196 2197/2197
f 2198/2198 2199/2199 2200/2200
f 2201/2201 2202/2202 2203/2203
f 2204/2204 2205/2205 2206/2206
f 2207/2207 2208/2208 2209/2209
f 2210/2210 2211/2211 2212/2212
f 2213/2213 2214/2214 2215/2215
f 2216/2216 2217/2217 2218/2218
f 2219/2219 2220/2220 2221/2221
f 2222/2222 2223/2223 2224/2224
f 2225/2225 2226/2226 2227/2227
f 2228/2228 2229/2229 2230/2230
f 2231/2231 2232/2232 2233/2233
f 2234/2234 2235/2235 2236/2236
f 2237/2237 2238/2238 2239/2239
f 2240/2240 2241/2241 2242/2242
f 2243/2243 2244/2244 2245/2245
f 2246/2246 2247/2247 2248/2248
f 2249/2249 2250/2250 2251/2251
f 2252/2252 2253/2253 2254/2254
f 2255/2255 2256/2256 2257/2257
f 2258/2258 2259/2259 2260/2260
f 2261/2261 2262/2262 2263/2263
f 2264/2264 2265/2265 2266/2266
f 2267/2267 2268/2268 2269/2269
f 2270/2270 2271/2271 2272/2272
f 2273/2273 2274/2274 2275/2275
f 2276/2276 2277/2277 2278/2278
f 2279/2279 2280/2280 2281/2281
f 2282/2282 2283/2283 2284/2284
f 2285/2285 2286/2286 2287/2287
f 2288/2288 2289/2289 2290/2290
f 2291/2291 2292/2292 2293/2293
f 2294/2294 2295/2295 2296/2296
f 2297/2297 2298/2298 2299/2299
f 2300/2300 2301/2301 2302/2302
f 2303/2303 2304/2304 2305/2305
f 2306/2306 2307/2307 2308/2308
f 2309/2309 2310/2310 2311/2311
f 2312/2312 2313/2313 2314/2314
f 2315/2315 2316/2316 2317/2317
f 2318/2318 2319/2319 2320/2320
f 2321/2321 2322/2322 2323/2323
f 2324/2324 2325/2325 2326/2326
f 2327/2327 2328/2328 2329/2329
f 2330/2330 2331/2331 2332/2332
f 2333/2333 2334/2334 2335/2335
f 2336/2336 2337/2337 2338/2338
f 2339/2339 2340/2340 2341/2341
f 2342/2342 2343/2343 2344/2344
f 2345/2345 2346/2346 2347/2347
f 2348/2348 2349/2349 2350/2350
f 2351/2351 2352/2352 2353/2353
f 2354/2354 2355/2355 2356/2356
f 2357/2357 2358/2358 2359/2359
f 2360/2360 2361/2361 2362/2362
f 2363/2363 2364/2364 2365/2365
f 2366/2366 2367/2367 2368/2368
f 2369/2369 2370/2370 2371/2371
f 2372/2372 2373/2373 2374/2374
f 2375/2375 2376/2376 2377/2377
f 2378/2378 2379/2379 2380/2380
f 2381/2381 2382/2382 2383/2383
f 2384/2384 2385/2385 2386/2386
f 2387/2387 2388/2388 2389/2389
f 2390/2390 2391/2391 2392/2392
f 2393/2393 2394/2394 2395/2395
f 2396/2396 2397/2397 2398/2398
f 2399/2399 2400/2400 2401/2401
f 2402/2402 2403/2403 2404/2404
f 2405/2405 2406/2406 2407/2407
f 2408/2408 2409/2409 2410/2410
f 2411/2411 2412/2412 2413/2413
f 2414/2414 2415/2415 2416/2416
f 2417/2417 2418/2418 2419/2419
f 2420/2420 2421/2421 2422/2422
f 2423/2423 2424/2424 2425/2425
f 2426/2426 2427/2427 2428/2428
f 2429/2429 2430/2430 2431/2431
f 2432/2432 2433/2433 2434/2434
f 2435/2435 2436/2436 2437/2437
f 2438/2438 2439/2439 2440/2440
f 2441/2441 2442/2442 2443/2443
f 2444/2444 2445/2445 2446/2446
f 2447/2447 2448/2448 2449/2449
f 2450/2450 2451/2451 2452/2452
f 2453/2453 2454/2454 2455/2455
f 2456/2456 2457/2457 2458/2458
f 2459/2459 2460/2460 2461/2461
f 2462/2462 2463/2463 2464/2464
f 2465/2465 2466/2466 2467/2467
f 2468/2468 2469/2469 2470/2470
f 2471/2471 2472/2472 2473/2473
f 2474/2474 2475/2475 2476/2476
f 2477/2477 2478/2478 2479/2479
f 2480/2480 2481/2481 2482/2482
f 2483/2483 2484/2484 2485/2485
f 2486/2486 2487/2487 2488/2488
f 2489/2489 2490/2490 2491/2491
f 2492/2492 2493/2493 2494/2494
f 2495/2495 2496/2496 2497/2497
f 2498/2498 2499/2499 2500/2500
f 2501/2501 2502/2502 2503/2503
f 2504/2504 2505/2505 2506/2506
f 2507/2507 2508/2508 2509/2509
f 2510/2510 2511/2511 2512/2512
f 2513/2513 2514/2514 2515/2515
f 2516/2516 2517/2517 2518/2518
f 2519/2519 2520/2520 2521/2521
f 2522/2522 2523/2523 2524/2524
f 2525/2525 2526/2526 2527/2527
f 2528/2528 2529/2529 2530/2530
f 2531/2531 2532/2532 2533/2533
f 2534/2534 2535/2535 2536/2536
f 2537/2537 2538/2538 2539/2539
f 2540/2540 2541/2541 2542/2542
f 2543/2543 2544/2544 2545/2545
f 2546/2546 2547/2547 2548/2548
f 2549/2549 2550/2550 2551/2551
f 2552/2552 2553/2553 2554/2554
f 2555/2555 2556/2556 2557/2557
f 2558/2558 2559/2559 2560/2560
